clip_id,label,annotated_at
VID_1_001_C00,E,21-05-2026 15:49
VID_1_001_C01,E,21-05-2026 15:49
VID_1_001_C02,E,21-05-2026 15:53
VID_1_001_C03,E,21-05-2026 16:05
VID_1_001_C04,E,21-05-2026 16:05
VID_1_001_C05,E,21-05-2026 16:05
VID_1_002_C00,E,21-05-2026 16:05
VID_1_002_C01,E,21-05-2026 16:05
VID_1_002_C02,E,21-05-2026 16:05
VID_1_002_C03,E,21-05-2026 16:05
VID_1_002_C04,N,21-05-2026 16:06
VID_1_002_C05,E,21-05-2026 16:07
VID_1_003_C00,E,21-05-2026 16:08
VID_1_003_C01,E,21-05-2026 16:08
VID_1_003_C02,E,21-05-2026 16:08
VID_1_003_C03,E,21-05-2026 16:08
VID_1_003_C04,E,21-05-2026 16:08
VID_1_003_C05,E,21-05-2026 16:09
VID_1_004_C00,E,21-05-2026 16:11
VID_1_004_C01,N,21-05-2026 16:11
VID_1_004_C02,N,21-05-2026 16:12
VID_1_004_C03,N,21-05-2026 16:12
VID_1_004_C04,N,21-05-2026 16:12
VID_1_004_C05,N,21-05-2026 16:13
VID_1_005_C00,E,21-05-2026 16:14
VID_1_007_C00,E,21-05-2026 16:15
VID_1_007_C01,E,21-05-2026 16:15
VID_1_007_C02,E,21-05-2026 16:15
VID_1_007_C03,E,21-05-2026 16:15
VID_1_007_C04,E,21-05-2026 16:15
VID_1_007_C05,E,21-05-2026 16:15
VID_1_011_C00,E,21-05-2026 16:16
VID_1_016_C00,N,21-05-2026 16:19
VID_1_016_C01,N,21-05-2026 16:21
VID_1_017_C00,S,21-05-2026 16:22
VID_1_020_C00,E,21-05-2026 16:23
VID_10_001_C00,E,21-05-2026 16:24
VID_10_001_C01,E,21-05-2026 16:24
VID_10_001_C02,E,21-05-2026 16:25
VID_10_001_C03,E,21-05-2026 16:25
VID_10_001_C04,E,21-05-2026 16:25
VID_10_001_C05,E,21-05-2026 16:25
VID_10_001_C06,E,21-05-2026 16:25
VID_10_001_C07,E,21-05-2026 16:26
VID_10_001_C08,E,21-05-2026 16:29
VID_10_001_C09,E,21-05-2026 16:29
VID_10_002_C00,E,21-05-2026 16:29
VID_10_002_C01,E,21-05-2026 16:29
VID_10_002_C02,E,21-05-2026 16:29
VID_10_002_C03,E,21-05-2026 16:29
VID_10_002_C04,E,21-05-2026 16:29
VID_10_002_C05,E,21-05-2026 16:29
VID_10_002_C06,N,21-05-2026 16:30
VID_10_002_C07,N,21-05-2026 16:30
VID_10_002_C08,N,21-05-2026 16:31
VID_10_002_C09,N,21-05-2026 16:31
VID_10_003_C00,E,21-05-2026 16:31
VID_10_003_C01,E,21-05-2026 16:32
VID_10_003_C02,E,21-05-2026 16:32
VID_10_003_C03,E,21-05-2026 16:32
VID_10_003_C04,E,21-05-2026 16:32
VID_10_003_C05,E,21-05-2026 16:32
VID_10_003_C06,E,21-05-2026 16:32
VID_10_003_C07,E,21-05-2026 16:32
VID_10_003_C08,E,21-05-2026 16:32
VID_10_003_C09,E,21-05-2026 16:34
VID_10_004_C00,N,21-05-2026 16:34
VID_10_004_C01,N,21-05-2026 16:34
VID_10_004_C02,N,21-05-2026 16:35
VID_10_005_C00,E,21-05-2026 16:35
VID_10_005_C01,E,21-05-2026 16:35
VID_10_005_C02,E,21-05-2026 16:35
VID_10_005_C03,E,21-05-2026 16:35
VID_10_005_C04,E,21-05-2026 16:35
VID_10_005_C05,E,21-05-2026 16:36
VID_10_005_C06,E,21-05-2026 16:36
VID_10_005_C07,E,21-05-2026 16:36
VID_10_005_C08,E,21-05-2026 16:36
VID_10_005_C09,E,21-05-2026 16:36
VID_10_007_C00,S,21-05-2026 16:36
VID_10_007_C01,S,21-05-2026 16:37
VID_10_007_C02,E,21-05-2026 16:37
VID_10_007_C03,E,21-05-2026 16:37
VID_10_007_C04,E,21-05-2026 16:37
VID_10_007_C05,E,21-05-2026 16:37
VID_10_007_C06,E,21-05-2026 16:37
VID_10_007_C07,E,21-05-2026 16:38
VID_10_009_C00,E,21-05-2026 16:38
VID_10_009_C01,E,21-05-2026 16:38
VID_10_010_C00,E,21-05-2026 16:38
VID_10_011_C00,E,21-05-2026 16:39
VID_10_015_C00,S,21-05-2026 16:39
VID_10_015_C01,S,21-05-2026 16:39
VID_10_015_C02,S,21-05-2026 16:39
VID_10_015_C03,S,21-05-2026 16:40
VID_10_015_C04,S,21-05-2026 16:40
VID_10_015_C05,S,21-05-2026 16:40
VID_10_017_C00,E,21-05-2026 16:40
VID_10_017_C01,E,21-05-2026 16:40
VID_10_017_C02,E,21-05-2026 16:40
VID_10_017_C03,E,21-05-2026 16:40
VID_10_018_C00,S,21-05-2026 16:41
VID_10_018_C01,S,21-05-2026 16:41
VID_10_020_C00,S,21-05-2026 16:41
VID_10_021_C00,E,21-05-2026 16:41
VID_10_021_C01,E,21-05-2026 16:41
VID_10_021_C02,E,21-05-2026 16:41
VID_10_021_C03,E,21-05-2026 16:41
VID_11_001_C00,E,21-05-2026 16:41
VID_11_001_C01,E,21-05-2026 16:41
VID_11_001_C02,E,21-05-2026 16:41
VID_11_001_C03,E,21-05-2026 16:42
VID_11_001_C04,E,21-05-2026 16:43
VID_11_001_C05,E,21-05-2026 16:43
VID_11_001_C06,E,21-05-2026 16:43
VID_11_001_C07,E,21-05-2026 16:43
VID_11_001_C08,E,21-05-2026 16:43
VID_11_002_C00,E,21-05-2026 16:43
VID_11_002_C01,E,21-05-2026 16:43
VID_11_002_C02,E,21-05-2026 16:43
VID_11_002_C03,E,21-05-2026 16:44
VID_11_002_C04,E,21-05-2026 16:44
VID_11_002_C05,E,21-05-2026 16:44
VID_11_002_C06,E,21-05-2026 16:44
VID_11_003_C00,E,21-05-2026 16:44
VID_11_003_C01,E,21-05-2026 16:44
VID_11_003_C02,E,21-05-2026 16:44
VID_11_003_C03,E,21-05-2026 16:44
VID_11_003_C04,E,21-05-2026 16:45
VID_11_003_C05,E,21-05-2026 16:45
VID_11_003_C06,E,21-05-2026 16:45
VID_11_003_C07,E,21-05-2026 16:45
VID_11_003_C08,E,21-05-2026 16:45
VID_11_004_C00,E,21-05-2026 16:45
VID_11_004_C01,E,21-05-2026 16:45
VID_11_004_C02,E,21-05-2026 16:46
VID_11_004_C03,E,21-05-2026 16:46
VID_11_004_C04,E,21-05-2026 16:47
VID_11_004_C05,E,21-05-2026 16:47
VID_11_004_C06,E,21-05-2026 16:47
VID_11_004_C07,E,21-05-2026 16:47
VID_11_004_C08,E,21-05-2026 16:47
VID_11_005_C00,E,21-05-2026 16:53
VID_11_005_C01,E,21-05-2026 16:54
VID_11_005_C02,E,21-05-2026 16:54
VID_11_005_C03,E,21-05-2026 16:54
VID_11_005_C04,E,21-05-2026 16:54
VID_11_005_C05,N,21-05-2026 16:54
VID_11_005_C06,E,21-05-2026 16:56
VID_11_007_C00,N,21-05-2026 16:58
VID_11_007_C01,N,21-05-2026 16:58
VID_11_007_C02,N,21-05-2026 16:58
VID_11_007_C03,N,21-05-2026 16:58
VID_11_007_C04,N,21-05-2026 16:59
VID_11_007_C05,N,21-05-2026 16:59
VID_11_007_C06,N,21-05-2026 16:59
VID_11_007_C07,N,21-05-2026 16:59
VID_11_007_C08,N,21-05-2026 16:59
VID_11_008_C00,E,21-05-2026 16:59
VID_11_008_C01,E,21-05-2026 16:59
VID_11_008_C02,E,21-05-2026 16:59
VID_11_008_C03,E,21-05-2026 17:00
VID_11_008_C04,E,21-05-2026 17:01
VID_11_008_C05,E,21-05-2026 17:01
VID_11_008_C06,E,21-05-2026 17:01
VID_11_008_C07,E,21-05-2026 17:02
VID_12_001_C00,N,21-05-2026 17:03
VID_12_001_C01,N,21-05-2026 17:03
VID_12_001_C02,N,21-05-2026 17:03
VID_12_001_C03,N,21-05-2026 17:03
VID_12_001_C04,N,21-05-2026 17:03
VID_12_001_C05,N,21-05-2026 17:03
VID_12_001_C06,N,21-05-2026 17:03
VID_12_001_C07,N,21-05-2026 17:03
VID_12_001_C08,N,21-05-2026 17:03
VID_12_002_C00,E,21-05-2026 17:05
VID_12_002_C01,N,21-05-2026 17:06
VID_12_002_C02,N,21-05-2026 17:06
VID_12_002_C03,N,21-05-2026 17:07
VID_12_002_C04,N,21-05-2026 17:07
VID_12_002_C05,N,21-05-2026 17:07
VID_12_002_C06,N,21-05-2026 17:08
VID_12_002_C07,N,21-05-2026 17:08
VID_12_002_C08,N,21-05-2026 17:09
VID_12_003_C00,N,21-05-2026 17:10
VID_12_003_C01,N,21-05-2026 17:10
VID_12_003_C02,N,21-05-2026 17:10
VID_12_003_C03,N,21-05-2026 17:11
VID_12_003_C04,N,21-05-2026 17:11
VID_12_003_C05,N,21-05-2026 17:11
VID_12_003_C06,N,21-05-2026 17:12
VID_12_003_C07,N,21-05-2026 17:14
VID_12_003_C08,N,21-05-2026 17:14
VID_12_006_C00,S,21-05-2026 17:14
VID_12_006_C01,S,21-05-2026 17:14
VID_12_006_C02,S,21-05-2026 17:14
VID_12_006_C03,S,21-05-2026 17:14
VID_12_006_C04,S,21-05-2026 17:15
VID_12_006_C05,S,21-05-2026 17:15
VID_12_006_C06,S,21-05-2026 17:15
VID_12_006_C07,S,21-05-2026 17:16
VID_12_009_C00,E,21-05-2026 17:16
VID_12_009_C01,E,21-05-2026 17:16
VID_12_009_C02,E,21-05-2026 17:16
VID_12_009_C03,E,21-05-2026 17:16
VID_12_009_C04,E,21-05-2026 17:17
VID_12_010_C00,E,21-05-2026 17:17
VID_12_011_C00,S,21-05-2026 17:17
VID_12_011_C01,S,21-05-2026 17:17
VID_12_011_C02,S,21-05-2026 17:17
VID_12_011_C03,S,21-05-2026 17:17
VID_12_011_C04,N,21-05-2026 17:19
VID_12_011_C05,N,21-05-2026 17:19
VID_12_012_C00,S,21-05-2026 17:21
VID_12_012_C01,E,21-05-2026 17:22
VID_12_012_C02,E,21-05-2026 17:22
VID_12_017_C00,E,21-05-2026 17:22
VID_12_017_C01,E,21-05-2026 17:22
VID_12_017_C02,E,21-05-2026 17:22
VID_12_018_C00,S,21-05-2026 17:22
VID_13_001_C00,N,21-05-2026 17:22
VID_13_001_C01,N,21-05-2026 17:22
VID_13_001_C02,N,21-05-2026 17:23
VID_13_001_C03,N,21-05-2026 17:23
VID_13_001_C04,N,21-05-2026 17:23
VID_13_002_C00,N,21-05-2026 17:32
VID_13_002_C01,N,21-05-2026 17:32
VID_13_002_C02,N,21-05-2026 17:32
VID_13_003_C00,N,21-05-2026 17:37
VID_13_003_C01,N,21-05-2026 17:37
VID_13_003_C02,N,21-05-2026 17:38
VID_13_003_C03,N,21-05-2026 17:39
VID_13_003_C04,N,21-05-2026 17:39
VID_13_003_C05,N,21-05-2026 17:41
VID_13_003_C06,N,21-05-2026 17:41
VID_13_003_C07,N,21-05-2026 17:41
VID_13_003_C08,N,21-05-2026 17:41
VID_13_004_C00,E,21-05-2026 17:41
VID_13_004_C01,E,21-05-2026 17:41
VID_13_004_C02,E,21-05-2026 17:41
VID_13_004_C03,E,21-05-2026 17:41
VID_13_004_C04,E,21-05-2026 17:52
VID_13_004_C05,E,21-05-2026 17:52
VID_13_004_C06,E,21-05-2026 17:52
VID_13_004_C07,E,21-05-2026 17:52
VID_13_005_C00,S,21-05-2026 17:52
VID_13_005_C01,S,21-05-2026 17:52
VID_13_005_C02,S,21-05-2026 17:52
VID_13_005_C03,S,21-05-2026 17:52
VID_13_005_C04,S,21-05-2026 17:52
VID_13_005_C05,S,21-05-2026 17:52
VID_13_005_C06,S,21-05-2026 17:52
VID_13_006_C00,E,21-05-2026 17:52
VID_13_006_C01,E,21-05-2026 17:52
VID_13_006_C02,E,21-05-2026 17:52
VID_13_006_C03,E,21-05-2026 17:52
VID_13_006_C04,E,21-05-2026 17:52
VID_13_006_C05,E,21-05-2026 17:52
VID_13_006_C06,E,21-05-2026 17:52
VID_13_007_C00,S,21-05-2026 17:53
VID_13_007_C01,S,21-05-2026 17:53
VID_13_007_C02,S,21-05-2026 17:53
VID_13_007_C03,S,21-05-2026 17:53
VID_13_007_C04,S,21-05-2026 17:53
VID_13_007_C05,S,21-05-2026 17:53
VID_13_007_C06,S,21-05-2026 17:53
VID_13_007_C07,S,21-05-2026 17:53
VID_13_007_C08,S,21-05-2026 17:53
VID_13_008_C00,S,21-05-2026 18:01
VID_13_008_C01,S,21-05-2026 18:09
VID_13_008_C02,S,21-05-2026 18:17
VID_13_008_C03,S,21-05-2026 18:17
VID_13_008_C04,S,21-05-2026 18:17
VID_13_008_C05,S,21-05-2026 18:17
VID_13_008_C06,S,21-05-2026 18:18
VID_13_008_C07,S,21-05-2026 18:18
VID_13_008_C08,S,21-05-2026 18:18
VID_13_012_C00,S,21-05-2026 18:19
VID_13_012_C01,E,21-05-2026 18:19
VID_13_012_C02,E,21-05-2026 18:19
VID_13_012_C03,E,21-05-2026 18:20
VID_13_016_C00,E,21-05-2026 18:20
VID_13_022_C00,E,21-05-2026 18:20
VID_13_022_C01,E,21-05-2026 18:20
VID_13_022_C02,E,21-05-2026 18:20
VID_13_024_C00,E,21-05-2026 18:21
VID_13_024_C01,E,21-05-2026 18:21
VID_13_025_C00,E,21-05-2026 18:22
VID_14_001_C00,N,21-05-2026 18:22
VID_14_001_C01,N,21-05-2026 18:22
VID_14_001_C02,N,21-05-2026 18:22
VID_14_001_C03,N,21-05-2026 18:22
VID_14_001_C04,N,21-05-2026 18:22
VID_14_001_C05,N,21-05-2026 18:22
VID_14_002_C00,E,21-05-2026 18:22
VID_14_002_C01,E,21-05-2026 18:22
VID_14_002_C02,E,21-05-2026 18:23
VID_14_002_C03,E,21-05-2026 18:23
VID_14_002_C04,E,21-05-2026 18:23
VID_14_002_C05,E,21-05-2026 18:23
VID_14_002_C06,E,21-05-2026 18:23
VID_14_002_C07,E,21-05-2026 18:25
VID_14_003_C00,E,21-05-2026 18:25
VID_14_004_C00,S,21-05-2026 18:27
VID_14_004_C01,S,21-05-2026 18:27
VID_14_004_C02,S,21-05-2026 18:27
VID_14_004_C03,S,21-05-2026 18:27
VID_14_004_C04,S,21-05-2026 18:27
VID_14_004_C05,S,21-05-2026 18:27
VID_14_004_C06,S,21-05-2026 18:27
VID_14_005_C00,E,21-05-2026 18:27
VID_14_006_C00,S,21-05-2026 18:27
VID_14_007_C00,S,21-05-2026 18:27
VID_14_007_C01,S,21-05-2026 18:27
VID_14_010_C00,S,21-05-2026 18:27
VID_14_014_C00,S,21-05-2026 18:27
VID_14_014_C01,S,21-05-2026 18:27
VID_14_014_C02,S,21-05-2026 18:27
VID_14_014_C03,S,21-05-2026 18:27
VID_14_014_C04,S,21-05-2026 18:27
VID_14_014_C05,S,21-05-2026 18:27
VID_14_015_C00,E,21-05-2026 18:27
VID_14_015_C01,E,21-05-2026 18:27
VID_14_017_C00,E,21-05-2026 18:28
VID_14_017_C01,E,21-05-2026 18:28
VID_14_017_C02,E,21-05-2026 18:28
VID_14_017_C03,E,21-05-2026 18:28
VID_14_017_C04,E,21-05-2026 18:28
VID_14_017_C05,E,21-05-2026 18:28
VID_14_017_C06,E,21-05-2026 18:28
VID_14_019_C00,E,21-05-2026 18:29
VID_14_019_C01,S,21-05-2026 18:29
VID_14_019_C02,E,21-05-2026 18:29
VID_14_019_C03,E,21-05-2026 18:29
VID_14_020_C00,S,21-05-2026 18:29
VID_14_020_C01,S,21-05-2026 18:29
VID_14_020_C02,S,21-05-2026 18:29
VID_14_020_C03,S,21-05-2026 18:29
VID_14_025_C00,E,21-05-2026 18:32
VID_14_029_C00,N,21-05-2026 18:32
VID_14_029_C01,N,21-05-2026 18:32
VID_14_032_C00,S,21-05-2026 18:32
VID_14_032_C01,S,21-05-2026 18:32
VID_14_033_C00,N,21-05-2026 18:32
VID_15_001_C00,N,21-05-2026 18:32
VID_15_001_C01,N,21-05-2026 18:32
VID_15_001_C02,N,21-05-2026 18:32
VID_15_001_C03,N,21-05-2026 18:32
VID_15_001_C04,N,21-05-2026 18:34
VID_15_001_C05,N,21-05-2026 18:34
VID_15_001_C06,N,21-05-2026 18:34
VID_15_001_C07,N,21-05-2026 18:34
VID_15_002_C00,S,21-05-2026 18:34
VID_15_002_C01,S,21-05-2026 18:34
VID_15_003_C00,N,21-05-2026 18:34
VID_15_003_C01,N,21-05-2026 18:34
VID_15_003_C02,N,21-05-2026 18:34
VID_15_003_C03,N,21-05-2026 18:34
VID_15_003_C04,N,21-05-2026 18:36
VID_15_003_C05,N,21-05-2026 18:37
VID_15_003_C06,N,21-05-2026 18:39
VID_15_003_C07,N,21-05-2026 18:39
VID_15_004_C00,S,21-05-2026 18:39
VID_15_004_C01,S,21-05-2026 18:39
VID_15_004_C02,S,21-05-2026 18:39
VID_15_004_C03,S,21-05-2026 18:39
VID_15_004_C04,S,21-05-2026 18:39
VID_15_004_C05,S,21-05-2026 18:39
VID_15_004_C06,S,21-05-2026 18:39
VID_15_004_C07,S,21-05-2026 18:39
VID_15_005_C00,E,21-05-2026 18:39
VID_15_005_C01,E,21-05-2026 18:39
VID_15_005_C02,E,21-05-2026 18:39
VID_15_005_C03,E,21-05-2026 18:39
VID_15_005_C04,E,21-05-2026 18:39
VID_15_005_C05,E,21-05-2026 18:39
VID_15_005_C06,E,21-05-2026 18:39
VID_15_005_C07,E,21-05-2026 18:39
VID_15_006_C00,E,21-05-2026 18:47
VID_15_007_C00,E,21-05-2026 18:49
VID_15_010_C00,S,21-05-2026 18:50
VID_15_010_C01,S,21-05-2026 18:50
VID_15_010_C02,S,21-05-2026 18:51
VID_15_010_C03,S,21-05-2026 18:51
VID_15_010_C04,S,21-05-2026 18:51
VID_15_010_C05,S,21-05-2026 18:51
VID_15_010_C06,S,21-05-2026 18:51
VID_15_010_C07,S,21-05-2026 18:51
VID_15_012_C00,S,21-05-2026 18:51
VID_15_012_C01,S,21-05-2026 18:51
VID_15_012_C02,S,21-05-2026 18:51
VID_15_012_C03,S,21-05-2026 18:51
VID_15_012_C04,S,21-05-2026 18:51
VID_15_013_C00,N,21-05-2026 18:58
VID_15_019_C00,S,21-05-2026 18:58
VID_15_019_C01,S,21-05-2026 18:58
VID_15_019_C02,S,21-05-2026 19:02
VID_15_019_C03,S,21-05-2026 19:02
VID_15_021_C00,E,21-05-2026 19:02
VID_15_021_C01,E,21-05-2026 19:02
VID_15_021_C02,E,21-05-2026 19:02
VID_15_022_C00,E,21-05-2026 19:03
VID_15_023_C00,N,21-05-2026 19:04
VID_15_028_C00,N,21-05-2026 19:12
VID_16_001_C00,E,21-05-2026 19:12
VID_16_001_C01,E,21-05-2026 19:12
VID_16_001_C02,E,21-05-2026 19:12
VID_16_001_C03,E,21-05-2026 19:12
VID_16_001_C04,E,21-05-2026 19:12
VID_16_001_C05,E,21-05-2026 19:12
VID_16_001_C06,E,21-05-2026 19:12
VID_16_001_C07,E,21-05-2026 19:12
VID_16_001_C08,E,21-05-2026 19:12
VID_16_002_C00,E,21-05-2026 19:13
VID_16_002_C01,E,21-05-2026 19:13
VID_16_002_C02,E,21-05-2026 19:13
VID_16_002_C03,E,21-05-2026 19:13
VID_16_002_C04,E,21-05-2026 19:17
VID_16_002_C05,E,21-05-2026 19:18
VID_16_002_C06,E,21-05-2026 19:18
VID_16_002_C07,E,21-05-2026 19:18
VID_16_002_C08,E,21-05-2026 19:18
VID_16_003_C00,N,21-05-2026 19:19
VID_16_003_C01,N,21-05-2026 19:19
VID_16_003_C02,N,21-05-2026 19:19
VID_16_003_C03,N,21-05-2026 19:19
VID_16_003_C04,N,21-05-2026 19:19
VID_16_003_C05,N,21-05-2026 19:19
VID_16_003_C06,N,21-05-2026 19:19
VID_16_003_C07,N,21-05-2026 19:19
VID_16_004_C00,E,21-05-2026 19:19
VID_16_004_C01,E,21-05-2026 19:19
VID_16_004_C02,E,21-05-2026 19:19
VID_16_004_C03,E,21-05-2026 19:19
VID_16_004_C04,E,21-05-2026 19:19
VID_16_004_C05,E,21-05-2026 19:19
VID_16_004_C06,E,21-05-2026 19:19
VID_16_004_C07,E,21-05-2026 19:19
VID_16_004_C08,E,21-05-2026 19:19
VID_16_005_C00,E,21-05-2026 19:21
VID_16_005_C01,E,21-05-2026 19:21
VID_16_005_C02,E,21-05-2026 19:21
VID_16_005_C03,E,21-05-2026 19:21
VID_16_005_C04,E,21-05-2026 19:22
VID_16_005_C05,E,21-05-2026 19:22
VID_16_005_C06,E,21-05-2026 19:22
VID_16_005_C07,E,21-05-2026 19:22
VID_16_005_C08,E,21-05-2026 19:22
VID_16_006_C00,E,21-05-2026 19:24
VID_16_006_C01,E,21-05-2026 19:24
VID_16_006_C02,E,21-05-2026 19:24
VID_16_006_C03,E,21-05-2026 19:24
VID_16_006_C04,E,21-05-2026 19:24
VID_16_006_C05,E,21-05-2026 19:24
VID_16_006_C06,E,21-05-2026 19:24
VID_16_006_C07,E,21-05-2026 19:24
VID_16_006_C08,E,21-05-2026 19:24
VID_16_007_C00,S,21-05-2026 19:32
VID_16_007_C01,S,21-05-2026 19:32
VID_16_007_C02,S,21-05-2026 19:32
VID_16_007_C03,N,21-05-2026 19:35
VID_16_007_C04,N,21-05-2026 19:35
VID_16_007_C05,N,21-05-2026 19:35
VID_16_007_C06,N,21-05-2026 19:35
VID_16_007_C07,N,21-05-2026 19:35
VID_16_007_C08,N,21-05-2026 19:35
VID_16_008_C00,E,21-05-2026 19:35
VID_16_008_C01,E,21-05-2026 19:35
VID_16_008_C02,E,21-05-2026 19:35
VID_16_008_C03,E,21-05-2026 19:35
VID_16_009_C00,E,21-05-2026 19:42
VID_16_009_C01,E,21-05-2026 19:42
VID_16_009_C02,E,21-05-2026 19:42
VID_16_009_C03,E,21-05-2026 19:42
VID_16_009_C04,E,21-05-2026 19:42
VID_16_009_C05,E,21-05-2026 19:42
VID_16_009_C06,E,21-05-2026 19:42
VID_16_009_C07,S,21-05-2026 19:43
VID_16_009_C08,S,21-05-2026 19:43
VID_16_011_C00,S,21-05-2026 19:43
VID_16_011_C01,S,21-05-2026 19:43
VID_16_013_C00,N,21-05-2026 19:46
VID_16_013_C01,N,21-05-2026 19:46
VID_16_013_C02,N,21-05-2026 19:46
VID_16_013_C03,N,21-05-2026 19:46
VID_16_013_C04,N,21-05-2026 19:46
VID_16_013_C05,N,21-05-2026 19:46
VID_16_013_C06,N,21-05-2026 19:46
VID_16_014_C00,S,21-05-2026 19:46
VID_16_014_C01,S,21-05-2026 19:46
VID_16_014_C02,N,21-05-2026 19:46
VID_16_014_C03,N,21-05-2026 19:46
VID_16_016_C00,N,21-05-2026 19:49
VID_16_016_C01,N,21-05-2026 19:49
VID_16_022_C00,N,21-05-2026 19:51
VID_16_027_C00,N,21-05-2026 19:51
VID_16_027_C01,N,21-05-2026 19:51
VID_16_031_C00,E,21-05-2026 19:55
VID_17_001_C00,E,21-05-2026 19:55
VID_17_001_C01,E,21-05-2026 19:55
VID_17_001_C02,E,21-05-2026 19:55
VID_17_001_C03,E,21-05-2026 19:55
VID_17_001_C04,E,21-05-2026 19:55
VID_17_001_C05,E,21-05-2026 19:55
VID_17_001_C06,E,21-05-2026 19:55
VID_17_001_C07,E,21-05-2026 19:55
VID_17_001_C08,E,21-05-2026 19:55
VID_17_002_C00,E,21-05-2026 19:56
VID_17_002_C01,E,21-05-2026 19:56
VID_17_002_C02,E,21-05-2026 19:56
VID_17_002_C03,E,21-05-2026 19:56
VID_17_002_C04,E,21-05-2026 19:56
VID_17_002_C05,E,21-05-2026 19:56
VID_17_002_C06,E,21-05-2026 19:56
VID_17_002_C07,E,21-05-2026 19:56
VID_17_002_C08,E,21-05-2026 19:56
VID_17_003_C00,E,21-05-2026 19:57
VID_17_003_C01,E,21-05-2026 19:57
VID_17_003_C02,E,21-05-2026 19:57
VID_17_003_C03,E,21-05-2026 19:57
VID_17_003_C04,E,21-05-2026 19:57
VID_17_003_C05,E,21-05-2026 19:57
VID_17_003_C06,E,21-05-2026 19:57
VID_17_003_C07,E,21-05-2026 19:57
VID_17_003_C08,E,21-05-2026 19:57
VID_17_004_C00,N,21-05-2026 20:00
VID_17_004_C01,N,21-05-2026 20:00
VID_17_004_C02,N,21-05-2026 20:00
VID_17_004_C03,N,21-05-2026 20:00
VID_17_004_C04,N,21-05-2026 20:00
VID_17_004_C05,E,21-05-2026 20:00
VID_17_004_C06,E,21-05-2026 20:00
VID_17_004_C07,E,21-05-2026 20:00
VID_17_005_C00,E,21-05-2026 20:01
VID_17_005_C01,E,21-05-2026 20:01
VID_17_005_C02,E,21-05-2026 20:01
VID_17_005_C03,E,21-05-2026 20:01
VID_17_005_C04,N,21-05-2026 20:02
VID_17_005_C05,N,21-05-2026 20:02
VID_17_005_C06,N,21-05-2026 20:03
VID_17_005_C07,N,21-05-2026 20:03
VID_17_005_C08,N,21-05-2026 20:03
VID_17_006_C00,E,21-05-2026 20:04
VID_17_006_C01,E,21-05-2026 20:04
VID_17_007_C00,N,21-05-2026 20:05
VID_17_007_C01,N,21-05-2026 20:05
VID_17_007_C02,N,21-05-2026 20:05
VID_17_007_C03,N,21-05-2026 20:05
VID_17_007_C04,N,21-05-2026 20:05
VID_17_007_C05,N,21-05-2026 20:05
VID_17_007_C06,N,21-05-2026 20:05
VID_17_007_C07,N,21-05-2026 20:05
VID_17_007_C08,N,21-05-2026 20:05
VID_17_008_C00,N,21-05-2026 20:05
VID_17_008_C01,N,21-05-2026 20:05
VID_17_008_C02,N,21-05-2026 20:05
VID_17_008_C03,N,21-05-2026 20:06
VID_17_008_C04,N,21-05-2026 20:06
VID_17_008_C05,N,21-05-2026 20:06
VID_17_008_C06,N,21-05-2026 20:07
VID_17_009_C00,N,21-05-2026 20:07
VID_17_009_C01,N,21-05-2026 20:07
VID_17_009_C02,N,21-05-2026 20:07
VID_17_009_C03,N,21-05-2026 20:07
VID_17_009_C04,N,21-05-2026 20:07
VID_17_009_C05,N,21-05-2026 20:07
VID_17_012_C00,N,21-05-2026 20:07
VID_17_012_C01,N,21-05-2026 20:07
VID_17_012_C02,N,21-05-2026 20:07
VID_17_012_C03,N,21-05-2026 20:07
VID_17_012_C04,S,21-05-2026 20:07
VID_17_012_C05,S,21-05-2026 20:07
VID_17_012_C06,S,21-05-2026 20:07
VID_17_015_C00,E,21-05-2026 20:08
VID_17_020_C00,S,21-05-2026 20:08
VID_17_022_C00,E,21-05-2026 20:08
VID_17_022_C01,E,21-05-2026 20:08
VID_17_022_C02,E,21-05-2026 20:08
VID_18_001_C00,E,21-05-2026 20:08
VID_18_001_C01,E,21-05-2026 20:08
VID_18_001_C02,E,21-05-2026 20:08
VID_18_001_C03,E,21-05-2026 20:08
VID_18_001_C04,E,21-05-2026 20:08
VID_18_001_C05,E,21-05-2026 20:08
VID_18_001_C06,E,21-05-2026 20:08
VID_18_001_C07,E,21-05-2026 20:08
VID_18_001_C08,E,21-05-2026 20:08
VID_18_002_C00,E,21-05-2026 20:08
VID_18_002_C01,E,21-05-2026 20:08
VID_18_002_C02,E,21-05-2026 20:08
VID_18_002_C03,E,21-05-2026 20:08
VID_18_002_C04,E,21-05-2026 20:08
VID_18_002_C05,E,21-05-2026 20:08
VID_18_002_C06,E,21-05-2026 20:08
VID_18_002_C07,E,21-05-2026 20:08
VID_18_002_C08,E,21-05-2026 20:08
VID_18_003_C00,E,21-05-2026 20:08
VID_18_003_C01,E,21-05-2026 20:08
VID_18_003_C02,E,21-05-2026 20:08
VID_18_003_C03,E,21-05-2026 20:08
VID_18_003_C04,E,21-05-2026 20:08
VID_18_003_C05,E,21-05-2026 20:08
VID_18_003_C06,E,21-05-2026 20:08
VID_18_003_C07,E,21-05-2026 20:08
VID_18_003_C08,E,21-05-2026 20:08
VID_18_004_C00,E,21-05-2026 20:08
VID_18_004_C01,E,21-05-2026 20:08
VID_18_004_C02,E,21-05-2026 20:08
VID_18_004_C03,E,21-05-2026 20:08
VID_18_004_C04,E,21-05-2026 20:08
VID_18_004_C05,E,21-05-2026 20:08
VID_18_004_C06,E,21-05-2026 20:08
VID_18_004_C07,E,21-05-2026 20:08
VID_18_004_C08,E,21-05-2026 20:08
VID_18_005_C00,N,21-05-2026 20:08
VID_18_005_C01,N,21-05-2026 20:09
VID_18_005_C02,N,21-05-2026 20:09
VID_18_005_C03,N,21-05-2026 20:09
VID_18_005_C04,N,21-05-2026 20:09
VID_18_005_C05,N,21-05-2026 20:09
VID_18_005_C06,N,21-05-2026 20:09
VID_18_005_C07,N,21-05-2026 20:09
VID_18_005_C08,N,21-05-2026 20:09
VID_18_006_C00,N,21-05-2026 20:09
VID_18_006_C01,N,21-05-2026 20:09
VID_18_006_C02,N,21-05-2026 20:09
VID_18_006_C03,N,21-05-2026 20:09
VID_18_006_C04,N,21-05-2026 20:09
VID_18_006_C05,N,21-05-2026 20:09
VID_18_006_C06,N,21-05-2026 20:09
VID_18_006_C07,N,21-05-2026 20:09
VID_18_006_C08,N,21-05-2026 20:09
VID_18_008_C00,N,21-05-2026 20:09
VID_18_008_C01,N,21-05-2026 20:09
VID_18_008_C02,N,21-05-2026 20:09
VID_18_008_C03,N,21-05-2026 20:09
VID_18_008_C04,N,21-05-2026 20:09
VID_18_008_C05,N,21-05-2026 20:09
VID_18_008_C06,N,21-05-2026 20:09
VID_18_008_C07,N,21-05-2026 20:09
VID_18_009_C00,N,21-05-2026 20:09
VID_18_009_C01,N,21-05-2026 20:09
VID_18_009_C02,N,21-05-2026 20:14
VID_18_009_C03,N,21-05-2026 20:14
VID_18_009_C04,N,21-05-2026 20:14
VID_18_009_C05,N,21-05-2026 20:14
VID_18_009_C06,N,21-05-2026 20:16
VID_18_009_C07,N,21-05-2026 20:16
VID_18_011_C00,E,21-05-2026 20:17
VID_18_011_C01,E,21-05-2026 20:17
VID_18_011_C02,E,21-05-2026 20:18
VID_18_011_C03,E,21-05-2026 20:19
VID_18_011_C04,E,21-05-2026 20:19
VID_18_011_C05,E,21-05-2026 20:19
VID_18_011_C06,E,21-05-2026 20:19
VID_18_011_C07,E,21-05-2026 20:19
VID_18_011_C08,E,21-05-2026 20:20
VID_18_013_C00,S,21-05-2026 20:20
VID_18_013_C01,S,21-05-2026 20:20
VID_18_017_C00,N,21-05-2026 20:21
VID_18_017_C01,N,21-05-2026 20:21
VID_18_017_C02,N,21-05-2026 20:21
VID_18_017_C03,N,21-05-2026 20:21
VID_18_017_C04,N,21-05-2026 20:21
VID_19_001_C00,E,21-05-2026 20:22
VID_19_001_C01,E,21-05-2026 20:22
VID_19_001_C02,E,21-05-2026 20:22
VID_19_001_C03,E,21-05-2026 20:22
VID_19_001_C04,E,21-05-2026 20:22
VID_19_001_C05,E,21-05-2026 20:22
VID_19_001_C06,E,21-05-2026 20:22
VID_19_001_C07,E,21-05-2026 20:22
VID_19_001_C08,E,21-05-2026 20:22
VID_19_002_C00,E,21-05-2026 20:22
VID_19_002_C01,E,21-05-2026 20:22
VID_19_002_C02,E,21-05-2026 20:22
VID_19_002_C03,E,21-05-2026 20:22
VID_19_002_C04,E,21-05-2026 20:22
VID_19_002_C05,E,21-05-2026 20:22
VID_19_002_C06,E,21-05-2026 20:22
VID_19_002_C07,E,21-05-2026 20:22
VID_19_002_C08,E,21-05-2026 20:22
VID_19_003_C00,E,21-05-2026 20:22
VID_19_003_C01,E,21-05-2026 20:22
VID_19_003_C02,E,21-05-2026 20:22
VID_19_003_C03,E,21-05-2026 20:22
VID_19_003_C04,E,21-05-2026 20:22
VID_19_003_C05,E,21-05-2026 20:22
VID_19_003_C06,E,21-05-2026 20:22
VID_19_003_C07,E,21-05-2026 20:22
VID_19_003_C08,E,21-05-2026 20:22
VID_19_004_C00,E,21-05-2026 20:22
VID_19_004_C01,E,21-05-2026 20:22
VID_19_004_C02,E,21-05-2026 20:22
VID_19_004_C03,E,21-05-2026 20:22
VID_19_004_C04,E,21-05-2026 20:22
VID_19_004_C05,E,21-05-2026 20:22
VID_19_004_C06,E,21-05-2026 20:25
VID_19_004_C07,E,21-05-2026 20:25
VID_19_004_C08,E,21-05-2026 20:25
VID_19_005_C00,E,21-05-2026 20:25
VID_19_005_C01,E,21-05-2026 20:25
VID_19_005_C02,E,21-05-2026 20:25
VID_19_005_C03,E,21-05-2026 20:25
VID_19_005_C04,E,21-05-2026 20:25
VID_19_005_C05,E,21-05-2026 20:25
VID_19_005_C06,E,21-05-2026 20:25
VID_19_005_C07,E,21-05-2026 20:25
VID_19_006_C00,E,21-05-2026 20:26
VID_19_006_C01,E,21-05-2026 20:26
VID_19_006_C02,E,21-05-2026 20:26
VID_19_006_C03,N,21-05-2026 20:27
VID_19_006_C04,N,21-05-2026 20:27
VID_19_006_C05,N,21-05-2026 20:27
VID_19_006_C06,N,21-05-2026 20:27
VID_19_006_C07,N,21-05-2026 20:27
VID_19_006_C08,N,21-05-2026 20:27
VID_19_007_C00,E,21-05-2026 20:30
VID_19_007_C01,S,21-05-2026 20:30
VID_19_007_C02,N,21-05-2026 20:30
VID_19_007_C03,N,21-05-2026 20:30
VID_19_008_C00,N,21-05-2026 20:30
VID_19_008_C01,N,21-05-2026 20:30
VID_19_008_C02,N,21-05-2026 20:30
VID_19_009_C00,E,21-05-2026 20:30
VID_19_009_C01,E,21-05-2026 20:30
VID_19_009_C02,E,21-05-2026 20:30
VID_19_009_C03,E,21-05-2026 20:32
VID_19_009_C04,E,21-05-2026 20:33
VID_19_009_C05,E,21-05-2026 20:33
VID_19_011_C00,N,21-05-2026 20:33
VID_19_011_C01,N,21-05-2026 20:33
VID_19_011_C02,N,21-05-2026 20:33
VID_19_011_C03,N,21-05-2026 20:34
VID_19_017_C00,N,21-05-2026 20:34
VID_19_017_C01,N,21-05-2026 20:34
VID_19_017_C02,N,21-05-2026 20:34
VID_19_019_C00,E,21-05-2026 20:34
VID_19_019_C01,E,21-05-2026 20:34
VID_19_019_C02,N,21-05-2026 20:34
VID_19_019_C03,N,21-05-2026 20:35
VID_19_019_C04,E,21-05-2026 20:38
VID_19_019_C05,E,21-05-2026 20:38
VID_2_001_C00,E,21-05-2026 20:38
VID_2_001_C01,E,21-05-2026 20:38
VID_2_001_C02,E,21-05-2026 20:38
VID_2_001_C03,E,21-05-2026 20:38
VID_2_001_C04,E,21-05-2026 20:39
VID_2_001_C05,E,21-05-2026 20:39
VID_2_001_C06,E,21-05-2026 20:39
VID_2_002_C00,S,21-05-2026 20:39
VID_2_002_C01,S,21-05-2026 20:39
VID_2_002_C02,S,21-05-2026 20:39
VID_2_002_C03,S,21-05-2026 20:39
VID_2_002_C04,S,21-05-2026 20:39
VID_2_002_C05,S,21-05-2026 20:39
VID_2_002_C06,S,21-05-2026 20:39
VID_2_003_C00,E,21-05-2026 20:40
VID_2_003_C01,E,21-05-2026 20:40
VID_2_003_C02,E,21-05-2026 20:40
VID_2_003_C03,E,21-05-2026 20:40
VID_2_003_C04,E,21-05-2026 20:40
VID_2_003_C05,E,21-05-2026 20:40
VID_2_003_C06,E,21-05-2026 20:40
VID_2_004_C00,N,21-05-2026 20:40
VID_2_004_C01,N,21-05-2026 20:40
VID_2_004_C02,N,21-05-2026 20:40
VID_2_004_C03,N,21-05-2026 20:40
VID_2_004_C04,N,21-05-2026 20:40
VID_2_004_C05,N,21-05-2026 20:40
VID_2_004_C06,N,21-05-2026 20:40
VID_2_005_C00,E,21-05-2026 20:41
VID_2_005_C01,E,21-05-2026 20:41
VID_2_005_C02,E,21-05-2026 20:41
VID_2_005_C03,E,21-05-2026 20:41
VID_2_005_C04,E,21-05-2026 20:41
VID_2_005_C05,E,21-05-2026 20:41
VID_2_005_C06,E,21-05-2026 20:41
VID_2_007_C00,E,21-05-2026 20:41
VID_2_007_C01,E,21-05-2026 20:41
VID_2_007_C02,E,21-05-2026 20:41
VID_2_007_C03,E,21-05-2026 20:41
VID_2_008_C00,N,21-05-2026 20:42
VID_2_008_C01,N,21-05-2026 20:42
VID_2_008_C02,S,21-05-2026 20:42
VID_2_008_C03,N,21-05-2026 20:43
VID_2_008_C04,N,21-05-2026 20:43
VID_2_009_C00,S,21-05-2026 20:43
VID_2_014_C00,E,21-05-2026 20:43
VID_2_014_C01,E,21-05-2026 20:43
VID_2_014_C02,E,21-05-2026 20:43
VID_2_014_C03,E,21-05-2026 20:43
VID_2_014_C04,E,21-05-2026 20:43
VID_2_014_C05,E,21-05-2026 20:44
VID_2_015_C00,E,21-05-2026 20:45
VID_2_015_C01,E,21-05-2026 20:45
VID_2_015_C02,E,21-05-2026 20:45
VID_2_015_C03,E,21-05-2026 20:45
VID_2_018_C00,S,21-05-2026 20:45
VID_2_018_C01,S,21-05-2026 20:45
VID_2_019_C00,E,21-05-2026 20:45
VID_2_019_C01,E,21-05-2026 20:45
VID_2_023_C00,N,21-05-2026 20:46
VID_20_001_C00,E,21-05-2026 20:47
VID_20_001_C01,E,21-05-2026 20:47
VID_20_001_C02,E,21-05-2026 20:47
VID_20_001_C03,E,21-05-2026 20:47
VID_20_001_C04,E,21-05-2026 20:47
VID_20_001_C05,E,21-05-2026 20:47
VID_20_001_C06,E,21-05-2026 20:47
VID_20_001_C07,E,21-05-2026 20:47
VID_20_001_C08,E,21-05-2026 20:47
VID_20_002_C00,N,21-05-2026 20:48
VID_20_002_C01,E,21-05-2026 20:49
VID_20_002_C02,E,21-05-2026 20:49
VID_20_002_C03,N,21-05-2026 20:49
VID_20_002_C04,N,21-05-2026 20:49
VID_20_002_C05,N,21-05-2026 20:49
VID_20_002_C06,N,21-05-2026 20:49
VID_20_002_C07,N,21-05-2026 20:49
VID_20_002_C08,N,21-05-2026 20:49
VID_20_003_C00,E,21-05-2026 20:49
VID_20_003_C01,E,21-05-2026 20:49
VID_20_003_C02,E,21-05-2026 20:49
VID_20_003_C03,E,21-05-2026 20:49
VID_20_003_C04,E,21-05-2026 20:49
VID_20_003_C05,E,21-05-2026 20:49
VID_20_003_C06,E,21-05-2026 20:49
VID_20_003_C07,E,21-05-2026 20:49
VID_20_003_C08,E,21-05-2026 20:49
VID_20_005_C00,E,21-05-2026 20:50
VID_20_005_C01,E,21-05-2026 20:50
VID_20_005_C02,E,21-05-2026 20:50
VID_20_005_C03,E,21-05-2026 20:50
VID_20_005_C04,E,21-05-2026 20:50
VID_20_005_C05,E,21-05-2026 20:50
VID_20_005_C06,E,21-05-2026 20:50
VID_20_005_C07,E,21-05-2026 20:50
VID_20_005_C08,E,21-05-2026 20:51
VID_20_008_C00,S,21-05-2026 20:52
VID_20_009_C00,N,21-05-2026 20:52
VID_20_009_C01,N,21-05-2026 20:52
VID_20_009_C02,N,21-05-2026 20:52
VID_20_009_C03,N,21-05-2026 20:52
VID_20_009_C04,N,21-05-2026 20:52
VID_20_009_C05,N,21-05-2026 20:52
VID_20_009_C06,N,21-05-2026 20:52
VID_20_009_C07,N,21-05-2026 20:52
VID_20_018_C00,N,21-05-2026 20:55
VID_20_018_C01,N,21-05-2026 20:56
VID_20_019_C00,S,21-05-2026 20:56
VID_20_019_C01,S,21-05-2026 20:56
VID_20_019_C02,S,21-05-2026 20:56
VID_20_019_C03,S,21-05-2026 20:56
VID_21_001_C00,N,21-05-2026 20:56
VID_21_001_C01,N,21-05-2026 20:57
VID_21_001_C02,N,21-05-2026 20:57
VID_21_001_C03,N,21-05-2026 20:57
VID_21_001_C04,N,21-05-2026 20:57
VID_21_001_C05,N,21-05-2026 20:57
VID_21_001_C06,N,21-05-2026 20:57
VID_21_001_C07,N,21-05-2026 20:57
VID_21_001_C08,N,21-05-2026 20:58
VID_21_002_C00,N,21-05-2026 20:58
VID_21_002_C01,N,21-05-2026 20:58
VID_21_002_C02,N,21-05-2026 20:59
VID_21_002_C03,E,21-05-2026 21:00
VID_21_002_C04,E,21-05-2026 21:00
VID_21_002_C05,N,21-05-2026 21:00
VID_21_002_C06,N,21-05-2026 21:00
VID_21_002_C07,N,21-05-2026 21:00
VID_21_002_C08,E,21-05-2026 21:01
VID_21_002_C09,E,21-05-2026 21:01
VID_21_003_C00,E,21-05-2026 21:01
VID_21_003_C01,E,21-05-2026 21:01
VID_21_003_C02,E,21-05-2026 21:01
VID_21_003_C03,E,21-05-2026 21:01
VID_21_003_C04,E,21-05-2026 21:01
VID_21_003_C05,E,21-05-2026 21:01
VID_21_003_C06,E,21-05-2026 21:01
VID_21_003_C07,E,21-05-2026 21:01
VID_21_003_C08,E,21-05-2026 21:01
VID_21_003_C09,E,21-05-2026 21:01
VID_21_004_C00,E,21-05-2026 21:02
VID_21_004_C01,E,21-05-2026 21:02
VID_21_004_C02,E,21-05-2026 21:02
VID_21_004_C03,E,21-05-2026 21:03
VID_21_004_C04,N,21-05-2026 21:03
VID_21_004_C05,N,21-05-2026 21:04
VID_21_004_C06,N,21-05-2026 21:04
VID_21_004_C07,N,21-05-2026 21:04
VID_21_004_C08,N,21-05-2026 21:04
VID_21_004_C09,N,21-05-2026 21:04
VID_21_005_C00,S,21-05-2026 21:06
VID_21_010_C00,N,21-05-2026 21:06
VID_21_010_C01,N,21-05-2026 21:06
VID_21_010_C02,N,21-05-2026 21:06
VID_21_010_C03,N,21-05-2026 21:06
VID_21_010_C04,N,21-05-2026 21:06
VID_21_010_C05,N,21-05-2026 21:06
VID_21_017_C00,E,21-05-2026 21:06
VID_22_001_C00,E,21-05-2026 21:06
VID_22_001_C01,E,21-05-2026 21:06
VID_22_001_C02,E,21-05-2026 21:06
VID_22_001_C03,E,21-05-2026 21:06
VID_22_001_C04,E,21-05-2026 21:06
VID_22_001_C05,E,21-05-2026 21:06
VID_22_001_C06,E,21-05-2026 21:06
VID_22_001_C07,E,21-05-2026 21:06
VID_22_001_C08,E,21-05-2026 21:06
VID_22_002_C00,E,21-05-2026 21:06
VID_22_002_C01,E,21-05-2026 21:06
VID_22_002_C02,E,21-05-2026 21:06
VID_22_002_C03,E,21-05-2026 21:06
VID_22_002_C04,E,21-05-2026 21:06
VID_22_002_C05,E,21-05-2026 21:07
VID_22_002_C06,E,21-05-2026 21:12
VID_22_002_C07,E,21-05-2026 21:13
VID_22_002_C08,E,21-05-2026 21:13
VID_22_003_C00,S,21-05-2026 21:13
VID_22_003_C01,S,21-05-2026 21:13
VID_22_003_C02,S,21-05-2026 21:13
VID_22_003_C03,S,21-05-2026 21:13
VID_22_003_C04,S,21-05-2026 21:13
VID_22_003_C05,S,21-05-2026 21:14
VID_22_003_C06,S,21-05-2026 21:14
VID_22_003_C07,S,21-05-2026 21:14
VID_22_003_C08,S,21-05-2026 21:14
VID_22_004_C00,N,21-05-2026 21:15
VID_22_004_C01,N,21-05-2026 21:15
VID_22_004_C02,N,21-05-2026 21:15
VID_22_004_C03,N,21-05-2026 21:15
VID_22_004_C04,N,21-05-2026 21:15
VID_22_004_C05,N,21-05-2026 21:15
VID_22_004_C06,N,21-05-2026 21:15
VID_22_004_C07,N,21-05-2026 21:17
VID_22_004_C08,N,21-05-2026 21:17
VID_22_005_C00,N,21-05-2026 21:18
VID_22_005_C01,N,21-05-2026 21:18
VID_22_005_C02,N,21-05-2026 21:18
VID_22_006_C00,E,21-05-2026 21:20
VID_22_006_C01,E,21-05-2026 21:20
VID_22_006_C02,E,21-05-2026 21:20
VID_22_006_C03,E,21-05-2026 21:20
VID_22_006_C04,E,21-05-2026 21:20
VID_22_006_C05,E,21-05-2026 21:20
VID_22_006_C06,E,21-05-2026 21:20
VID_22_008_C00,E,21-05-2026 21:21
VID_22_008_C01,E,21-05-2026 21:44
VID_22_008_C02,N,21-05-2026 21:45
VID_22_008_C03,N,21-05-2026 21:45
VID_22_008_C04,N,21-05-2026 21:45
VID_22_008_C05,N,21-05-2026 21:45
VID_22_008_C06,N,21-05-2026 21:45
VID_22_008_C07,N,21-05-2026 21:45
VID_22_008_C08,N,21-05-2026 21:45
VID_22_010_C00,N,21-05-2026 21:45
VID_22_010_C01,N,21-05-2026 21:46
VID_22_010_C02,N,21-05-2026 22:17
VID_22_010_C03,N,21-05-2026 22:17
VID_23_001_C00,N,21-05-2026 22:17
VID_23_001_C01,N,21-05-2026 22:17
VID_23_001_C02,N,21-05-2026 22:17
VID_23_001_C03,N,21-05-2026 22:17
VID_23_001_C04,N,21-05-2026 22:17
VID_23_001_C05,N,21-05-2026 22:17
VID_23_001_C06,N,21-05-2026 22:17
VID_23_001_C07,N,21-05-2026 22:17
VID_23_001_C08,N,21-05-2026 22:17
VID_23_001_C09,N,21-05-2026 22:17
VID_23_001_C10,N,21-05-2026 22:17
VID_23_002_C00,E,21-05-2026 22:17
VID_23_002_C01,E,21-05-2026 22:17
VID_23_002_C02,E,21-05-2026 22:17
VID_23_002_C03,E,21-05-2026 22:19
VID_23_002_C04,E,21-05-2026 22:19
VID_23_002_C05,E,21-05-2026 22:19
VID_23_002_C06,E,21-05-2026 22:19
VID_23_002_C07,E,21-05-2026 22:19
VID_23_002_C08,E,21-05-2026 22:19
VID_23_002_C09,E,21-05-2026 22:19
VID_23_002_C10,E,21-05-2026 22:19
VID_23_003_C00,N,21-05-2026 22:20
VID_23_003_C01,N,21-05-2026 22:20
VID_23_003_C02,N,21-05-2026 22:20
VID_23_003_C03,N,21-05-2026 22:20
VID_23_003_C04,N,21-05-2026 22:21
VID_23_003_C05,N,21-05-2026 22:22
VID_23_003_C06,N,21-05-2026 22:22
VID_23_003_C07,N,21-05-2026 22:22
VID_23_003_C08,N,21-05-2026 22:22
VID_23_003_C09,N,21-05-2026 22:22
VID_23_003_C10,N,21-05-2026 22:23
VID_23_004_C00,N,21-05-2026 22:24
VID_23_004_C01,N,21-05-2026 22:24
VID_23_004_C02,N,21-05-2026 22:24
VID_23_004_C03,N,21-05-2026 22:24
VID_23_004_C04,N,21-05-2026 22:24
VID_23_004_C05,N,21-05-2026 22:24
VID_23_004_C06,N,21-05-2026 22:24
VID_23_004_C07,N,21-05-2026 22:24
VID_23_004_C08,N,21-05-2026 22:24
VID_23_004_C09,N,21-05-2026 22:24
VID_23_004_C10,N,21-05-2026 22:24
VID_23_005_C00,N,21-05-2026 22:24
VID_23_005_C01,N,21-05-2026 22:24
VID_23_005_C02,N,21-05-2026 22:24
VID_23_005_C03,N,21-05-2026 22:24
VID_23_005_C04,N,21-05-2026 22:24
VID_23_005_C05,N,21-05-2026 22:24
VID_23_005_C06,N,21-05-2026 22:24
VID_23_005_C07,N,21-05-2026 22:24
VID_23_005_C08,N,21-05-2026 22:24
VID_23_005_C09,N,21-05-2026 22:24
VID_23_007_C00,E,21-05-2026 22:24
VID_23_007_C01,S,21-05-2026 22:24
VID_23_007_C02,N,21-05-2026 22:25
VID_23_007_C03,N,21-05-2026 22:25
VID_23_007_C04,N,21-05-2026 22:26
VID_23_008_C00,N,21-05-2026 22:27
VID_23_008_C01,N,21-05-2026 22:27
VID_23_008_C02,N,21-05-2026 22:27
VID_23_008_C03,N,21-05-2026 22:27
VID_23_008_C04,N,21-05-2026 22:27
VID_23_008_C05,N,21-05-2026 22:27
VID_23_008_C06,N,21-05-2026 22:27
VID_23_008_C07,N,21-05-2026 22:27
VID_23_018_C00,E,21-05-2026 22:27
VID_23_018_C01,E,21-05-2026 22:27
VID_23_018_C02,E,21-05-2026 22:27
VID_23_018_C03,E,21-05-2026 22:27
VID_23_018_C04,E,21-05-2026 22:27
VID_24_001_C00,E,21-05-2026 22:28
VID_24_001_C01,E,21-05-2026 22:28
VID_24_001_C02,E,21-05-2026 22:28
VID_24_001_C03,E,21-05-2026 22:28
VID_24_001_C04,E,21-05-2026 22:28
VID_24_001_C05,E,21-05-2026 22:28
VID_24_001_C06,E,21-05-2026 22:28
VID_24_001_C07,E,21-05-2026 22:28
VID_24_001_C08,E,21-05-2026 22:28
VID_24_002_C00,E,21-05-2026 22:29
VID_24_002_C01,E,21-05-2026 22:29
VID_24_002_C02,E,21-05-2026 22:29
VID_24_002_C03,E,21-05-2026 22:29
VID_24_002_C04,E,21-05-2026 22:29
VID_24_002_C05,E,21-05-2026 22:29
VID_24_002_C06,E,21-05-2026 22:29
VID_24_002_C07,E,21-05-2026 22:29
VID_24_002_C08,E,21-05-2026 22:29
VID_24_003_C00,E,21-05-2026 22:29
VID_24_003_C01,E,21-05-2026 22:29
VID_24_003_C02,E,21-05-2026 22:29
VID_24_003_C03,E,21-05-2026 22:29
VID_24_003_C04,E,21-05-2026 22:29
VID_24_003_C05,E,21-05-2026 22:29
VID_24_003_C06,E,21-05-2026 22:29
VID_24_003_C07,E,21-05-2026 22:29
VID_24_003_C08,E,21-05-2026 22:29
VID_24_004_C00,E,21-05-2026 22:29
VID_24_004_C01,E,21-05-2026 22:29
VID_24_004_C02,E,21-05-2026 22:29
VID_24_004_C03,E,21-05-2026 22:29
VID_24_004_C04,E,21-05-2026 22:29
VID_24_004_C05,E,21-05-2026 22:29
VID_24_004_C06,E,21-05-2026 22:29
VID_24_004_C07,E,21-05-2026 22:29
VID_24_004_C08,E,21-05-2026 22:29
VID_24_005_C00,E,21-05-2026 22:29
VID_24_005_C01,E,21-05-2026 22:29
VID_24_005_C02,E,21-05-2026 22:29
VID_24_005_C03,E,21-05-2026 22:30
VID_24_005_C04,E,21-05-2026 22:30
VID_24_005_C05,E,21-05-2026 22:30
VID_24_005_C06,E,21-05-2026 22:30
VID_24_006_C00,S,21-05-2026 22:30
VID_25_001_C00,E,21-05-2026 22:30
VID_25_001_C01,E,21-05-2026 22:30
VID_25_001_C02,E,21-05-2026 22:30
VID_25_001_C03,E,21-05-2026 22:30
VID_25_001_C04,E,21-05-2026 22:30
VID_25_001_C05,E,21-05-2026 22:30
VID_25_001_C06,E,21-05-2026 22:30
VID_25_001_C07,E,21-05-2026 22:30
VID_25_001_C08,E,21-05-2026 22:30
VID_25_002_C00,E,21-05-2026 22:30
VID_25_002_C01,E,21-05-2026 22:30
VID_25_002_C02,E,21-05-2026 22:30
VID_25_002_C03,E,21-05-2026 22:30
VID_25_002_C04,E,21-05-2026 22:30
VID_25_002_C05,E,21-05-2026 22:30
VID_25_002_C06,E,21-05-2026 22:30
VID_25_002_C07,E,21-05-2026 22:30
VID_25_002_C08,E,21-05-2026 22:30
VID_25_003_C00,N,21-05-2026 22:31
VID_25_003_C01,N,21-05-2026 22:31
VID_25_003_C02,N,21-05-2026 22:31
VID_25_003_C03,N,21-05-2026 22:31
VID_25_003_C04,N,21-05-2026 22:31
VID_25_003_C05,N,21-05-2026 22:31
VID_25_003_C06,N,21-05-2026 22:32
VID_25_003_C07,N,21-05-2026 22:32
VID_25_003_C08,N,21-05-2026 22:32
VID_25_004_C00,E,21-05-2026 22:33
VID_25_004_C01,E,21-05-2026 22:33
VID_25_004_C02,E,21-05-2026 22:33
VID_25_004_C03,E,21-05-2026 22:33
VID_25_004_C04,E,21-05-2026 22:33
VID_25_004_C05,E,21-05-2026 22:33
VID_25_004_C06,E,21-05-2026 22:33
VID_25_004_C07,E,21-05-2026 22:33
VID_25_004_C08,E,21-05-2026 22:33
VID_25_005_C00,E,21-05-2026 22:33
VID_25_005_C01,E,21-05-2026 22:33
VID_25_005_C02,E,21-05-2026 22:33
VID_26_001_C00,E,21-05-2026 22:34
VID_26_001_C01,E,21-05-2026 22:34
VID_26_001_C02,E,21-05-2026 22:34
VID_26_001_C03,E,21-05-2026 22:34
VID_26_001_C04,E,21-05-2026 22:34
VID_26_001_C05,E,21-05-2026 22:34
VID_26_001_C06,E,21-05-2026 22:34
VID_26_001_C07,E,21-05-2026 22:34
VID_26_001_C08,E,21-05-2026 22:34
VID_26_001_C09,E,21-05-2026 22:34
VID_26_001_C10,E,21-05-2026 22:34
VID_26_002_C00,N,21-05-2026 22:36
VID_26_002_C01,N,21-05-2026 22:36
VID_26_002_C02,N,21-05-2026 22:38
VID_26_002_C03,N,21-05-2026 22:38
VID_26_002_C04,N,21-05-2026 22:38
VID_26_002_C05,N,21-05-2026 22:38
VID_26_002_C06,N,21-05-2026 22:38
VID_26_002_C07,N,21-05-2026 22:38
VID_26_002_C08,N,21-05-2026 22:38
VID_26_002_C09,N,21-05-2026 22:38
VID_26_002_C10,N,21-05-2026 22:38
VID_26_003_C00,N,21-05-2026 22:38
VID_26_003_C01,N,21-05-2026 22:38
VID_26_003_C02,N,21-05-2026 22:38
VID_26_004_C00,E,21-05-2026 22:38
VID_26_004_C01,E,21-05-2026 22:38
VID_26_004_C02,E,21-05-2026 22:38
VID_26_004_C03,E,21-05-2026 22:38
VID_26_004_C04,E,21-05-2026 22:38
VID_26_004_C05,E,21-05-2026 22:38
VID_26_004_C06,E,21-05-2026 22:38
VID_26_004_C07,E,21-05-2026 22:39
VID_26_004_C08,E,21-05-2026 22:39
VID_26_004_C09,E,21-05-2026 22:39
VID_26_006_C00,N,21-05-2026 22:41
VID_26_006_C01,N,21-05-2026 22:41
VID_26_006_C02,N,21-05-2026 22:41
VID_26_006_C03,N,21-05-2026 22:41
VID_26_006_C04,N,21-05-2026 22:41
VID_26_006_C05,N,21-05-2026 22:41
VID_26_006_C06,N,21-05-2026 22:41
VID_26_007_C00,S,21-05-2026 22:42
VID_27_001_C00,N,21-05-2026 22:42
VID_27_001_C01,N,21-05-2026 22:42
VID_27_001_C02,N,21-05-2026 22:42
VID_27_001_C03,N,21-05-2026 22:42
VID_27_001_C04,N,21-05-2026 22:42
VID_27_001_C05,N,21-05-2026 22:42
VID_27_001_C06,N,21-05-2026 22:42
VID_27_001_C07,N,21-05-2026 22:42
VID_27_001_C08,N,21-05-2026 22:42
VID_27_002_C00,E,21-05-2026 22:42
VID_27_002_C01,E,21-05-2026 22:42
VID_27_002_C02,E,21-05-2026 22:42
VID_27_002_C03,E,21-05-2026 22:42
VID_27_002_C04,E,21-05-2026 22:42
VID_27_002_C05,E,21-05-2026 22:42
VID_27_002_C06,E,21-05-2026 22:42
VID_27_002_C07,E,21-05-2026 22:42
VID_27_002_C08,E,21-05-2026 22:42
VID_27_002_C09,E,21-05-2026 22:47
VID_27_003_C00,N,21-05-2026 22:47
VID_27_003_C01,N,21-05-2026 22:47
VID_27_003_C02,N,21-05-2026 22:47
VID_27_003_C03,N,21-05-2026 22:47
VID_27_003_C04,N,21-05-2026 22:47
VID_27_003_C05,N,21-05-2026 22:47
VID_27_003_C06,N,21-05-2026 22:47
VID_27_003_C07,N,21-05-2026 22:47
VID_27_003_C08,N,21-05-2026 22:48
VID_27_004_C00,E,21-05-2026 22:48
VID_27_004_C01,E,21-05-2026 22:48
VID_27_004_C02,E,21-05-2026 22:48
VID_27_004_C03,E,21-05-2026 22:48
VID_27_004_C04,E,21-05-2026 22:48
VID_27_004_C05,E,21-05-2026 22:48
VID_27_004_C06,E,21-05-2026 22:48
VID_27_004_C07,E,21-05-2026 22:48
VID_27_004_C08,E,21-05-2026 22:48
VID_27_005_C00,N,21-05-2026 22:48
VID_27_008_C00,E,21-05-2026 22:49
VID_28_001_C00,N,21-05-2026 22:49
VID_28_001_C01,N,21-05-2026 22:49
VID_28_001_C02,N,21-05-2026 22:49
VID_28_001_C03,N,21-05-2026 22:49
VID_28_001_C04,N,21-05-2026 22:49
VID_28_001_C05,N,21-05-2026 22:49
VID_28_001_C06,N,21-05-2026 22:49
VID_28_001_C07,N,21-05-2026 22:49
VID_28_001_C08,N,21-05-2026 22:49
VID_28_001_C09,N,21-05-2026 22:49
VID_28_002_C00,E,21-05-2026 22:49
VID_28_002_C01,E,21-05-2026 22:49
VID_28_002_C02,E,21-05-2026 22:49
VID_28_002_C03,E,21-05-2026 22:49
VID_28_002_C04,E,21-05-2026 22:49
VID_28_002_C05,E,21-05-2026 22:49
VID_28_002_C06,E,21-05-2026 22:49
VID_28_002_C07,E,21-05-2026 22:49
VID_28_002_C08,E,21-05-2026 22:49
VID_28_002_C09,E,21-05-2026 22:49
VID_28_005_C00,E,21-05-2026 22:49
VID_28_005_C01,E,21-05-2026 22:49
VID_28_005_C02,E,21-05-2026 22:49
VID_28_005_C03,E,21-05-2026 22:49
VID_28_005_C04,E,21-05-2026 22:49
VID_28_005_C05,E,21-05-2026 22:49
VID_28_005_C06,E,21-05-2026 22:49
VID_28_006_C00,N,21-05-2026 22:49
VID_28_006_C01,N,21-05-2026 22:49
VID_28_006_C02,N,21-05-2026 22:49
VID_28_006_C03,N,21-05-2026 22:49
VID_28_006_C04,N,21-05-2026 22:49
VID_28_006_C05,N,21-05-2026 22:49
VID_28_006_C06,N,21-05-2026 22:49
VID_28_006_C07,N,21-05-2026 22:49
VID_28_007_C00,N,21-05-2026 22:50
VID_28_007_C01,N,21-05-2026 22:50
VID_28_007_C02,N,21-05-2026 22:50
VID_28_007_C03,N,21-05-2026 22:50
VID_28_007_C04,N,21-05-2026 22:50
VID_28_007_C05,N,21-05-2026 22:50
VID_28_007_C06,N,21-05-2026 22:50
VID_28_008_C00,E,21-05-2026 22:50
VID_28_008_C01,E,21-05-2026 22:50
VID_28_008_C02,E,21-05-2026 22:50
VID_28_008_C03,E,21-05-2026 22:50
VID_28_008_C04,E,21-05-2026 22:50
VID_28_008_C05,E,21-05-2026 22:50
VID_3_001_C00,E,21-05-2026 22:51
VID_3_001_C01,E,21-05-2026 22:51
VID_3_001_C02,E,21-05-2026 22:51
VID_3_001_C03,E,21-05-2026 22:51
VID_3_001_C04,E,21-05-2026 22:51
VID_3_001_C05,E,21-05-2026 22:51
VID_3_001_C06,E,21-05-2026 22:51
VID_3_001_C07,E,21-05-2026 22:51
VID_3_001_C08,E,21-05-2026 22:51
VID_3_001_C09,E,21-05-2026 22:51
VID_3_002_C00,E,21-05-2026 22:51
VID_3_002_C01,E,21-05-2026 22:51
VID_3_002_C02,E,21-05-2026 22:51
VID_3_002_C03,E,21-05-2026 22:52
VID_3_002_C04,E,21-05-2026 22:52
VID_3_002_C05,E,21-05-2026 22:52
VID_3_002_C06,E,21-05-2026 22:52
VID_3_002_C07,E,21-05-2026 22:52
VID_3_002_C08,E,21-05-2026 22:52
VID_3_002_C09,E,21-05-2026 22:52
VID_3_003_C00,E,21-05-2026 22:53
VID_3_003_C01,E,21-05-2026 22:53
VID_3_003_C02,E,21-05-2026 22:53
VID_3_003_C03,E,21-05-2026 22:53
VID_3_003_C04,E,21-05-2026 22:53
VID_3_003_C05,E,21-05-2026 22:53
VID_3_003_C06,E,21-05-2026 22:53
VID_3_003_C07,E,21-05-2026 22:53
VID_3_003_C08,E,21-05-2026 22:53
VID_3_003_C09,E,21-05-2026 22:53
VID_3_004_C00,E,21-05-2026 22:57
VID_3_004_C01,E,21-05-2026 22:57
VID_3_004_C02,E,21-05-2026 22:57
VID_3_004_C03,E,21-05-2026 22:57
VID_3_004_C04,E,21-05-2026 22:57
VID_3_004_C05,E,21-05-2026 22:57
VID_3_005_C00,E,21-05-2026 22:58
VID_3_005_C01,E,21-05-2026 22:58
VID_3_005_C02,E,21-05-2026 22:58
VID_3_005_C03,E,21-05-2026 22:58
VID_3_005_C04,E,21-05-2026 22:58
VID_3_005_C05,E,21-05-2026 22:58
VID_3_005_C06,E,21-05-2026 22:58
VID_3_005_C07,E,21-05-2026 22:59
VID_3_005_C08,E,21-05-2026 22:59
VID_3_006_C00,S,21-05-2026 22:59
VID_3_006_C01,N,21-05-2026 23:00
VID_3_006_C02,N,21-05-2026 23:00
VID_3_006_C03,N,21-05-2026 23:00
VID_3_006_C04,N,21-05-2026 23:00
VID_3_006_C05,N,21-05-2026 23:00
VID_3_006_C06,N,21-05-2026 23:00
VID_3_006_C07,N,21-05-2026 23:00
VID_3_006_C08,N,21-05-2026 23:00
VID_3_006_C09,N,21-05-2026 23:00
VID_3_007_C00,S,21-05-2026 23:00
VID_3_007_C01,S,21-05-2026 23:00
VID_3_007_C02,S,21-05-2026 23:00
VID_3_007_C03,S,21-05-2026 23:00
VID_3_007_C04,S,21-05-2026 23:00
VID_3_007_C05,S,21-05-2026 23:00
VID_3_007_C06,S,21-05-2026 23:00
VID_3_007_C07,S,21-05-2026 23:00
VID_3_007_C08,S,21-05-2026 23:00
VID_3_010_C00,N,21-05-2026 23:01
VID_3_010_C01,N,21-05-2026 23:02
VID_3_010_C02,N,21-05-2026 23:02
VID_3_010_C03,N,21-05-2026 23:02
VID_3_010_C04,N,21-05-2026 23:03
VID_3_010_C05,N,21-05-2026 23:03
VID_3_012_C00,N,21-05-2026 23:03
VID_3_012_C01,N,21-05-2026 23:03
VID_3_012_C02,N,21-05-2026 23:03
VID_3_012_C03,N,21-05-2026 23:03
VID_3_012_C04,N,21-05-2026 23:03
VID_3_016_C00,S,21-05-2026 23:03
VID_3_016_C01,S,21-05-2026 23:03
VID_3_016_C02,E,21-05-2026 23:03
VID_3_016_C03,S,21-05-2026 23:03
VID_3_016_C04,S,21-05-2026 23:03
VID_3_016_C05,E,21-05-2026 23:03
VID_3_016_C06,E,21-05-2026 23:03
VID_3_017_C00,E,21-05-2026 23:04
VID_3_017_C01,E,21-05-2026 23:04
VID_3_017_C02,E,21-05-2026 23:04
VID_3_017_C03,E,21-05-2026 23:04
VID_3_019_C00,E,21-05-2026 23:04
VID_3_019_C01,E,21-05-2026 23:04
VID_3_019_C02,E,21-05-2026 23:04
VID_3_023_C00,E,21-05-2026 23:04
VID_4_001_C00,E,21-05-2026 23:04
VID_4_001_C01,E,21-05-2026 23:04
VID_4_001_C02,E,21-05-2026 23:04
VID_4_001_C03,E,21-05-2026 23:04
VID_4_001_C04,E,21-05-2026 23:04
VID_4_001_C05,E,21-05-2026 23:04
VID_4_001_C06,E,21-05-2026 23:04
VID_4_001_C07,E,21-05-2026 23:04
VID_4_001_C08,E,21-05-2026 23:04
VID_4_002_C00,E,21-05-2026 23:04
VID_4_002_C01,E,21-05-2026 23:04
VID_4_002_C02,E,21-05-2026 23:04
VID_4_002_C03,E,21-05-2026 23:04
VID_4_002_C04,E,21-05-2026 23:04
VID_4_002_C05,E,21-05-2026 23:04
VID_4_002_C06,E,21-05-2026 23:04
VID_4_002_C07,E,21-05-2026 23:04
VID_4_002_C08,E,21-05-2026 23:04
VID_4_003_C00,E,21-05-2026 23:04
VID_4_003_C01,E,21-05-2026 23:04
VID_4_003_C02,E,21-05-2026 23:04
VID_4_003_C03,E,21-05-2026 23:04
VID_4_003_C04,E,21-05-2026 23:04
VID_4_003_C05,E,21-05-2026 23:04
VID_4_003_C06,E,21-05-2026 23:04
VID_4_003_C07,E,21-05-2026 23:04
VID_4_003_C08,E,21-05-2026 23:04
VID_4_004_C00,E,21-05-2026 23:04
VID_4_004_C01,E,21-05-2026 23:05
VID_4_004_C02,E,21-05-2026 23:05
VID_4_004_C03,S,21-05-2026 23:05
VID_4_004_C04,S,21-05-2026 23:05
VID_4_005_C00,N,21-05-2026 23:05
VID_4_005_C01,N,21-05-2026 23:05
VID_4_005_C02,N,21-05-2026 23:05
VID_4_005_C03,N,21-05-2026 23:05
VID_4_005_C04,N,21-05-2026 23:05
VID_4_005_C05,N,21-05-2026 23:05
VID_4_005_C06,N,21-05-2026 23:05
VID_4_005_C07,N,21-05-2026 23:05
VID_4_005_C08,N,21-05-2026 23:05
VID_4_006_C00,S,21-05-2026 23:05
VID_4_006_C01,S,21-05-2026 23:05
VID_4_006_C02,S,21-05-2026 23:05
VID_4_006_C03,S,21-05-2026 23:05
VID_4_006_C04,S,21-05-2026 23:05
VID_4_006_C05,S,21-05-2026 23:05
VID_4_006_C06,S,21-05-2026 23:05
VID_4_006_C07,S,21-05-2026 23:05
VID_4_006_C08,S,21-05-2026 23:05
VID_4_007_C00,E,21-05-2026 23:05
VID_4_007_C01,E,21-05-2026 23:05
VID_4_007_C02,E,21-05-2026 23:05
VID_4_007_C03,E,21-05-2026 23:05
VID_4_007_C04,E,21-05-2026 23:05
VID_4_007_C05,E,21-05-2026 23:05
VID_4_007_C06,E,21-05-2026 23:05
VID_4_008_C00,E,21-05-2026 23:06
VID_4_014_C00,S,21-05-2026 23:06
VID_4_015_C00,E,21-05-2026 23:06
VID_4_015_C01,E,21-05-2026 23:06
VID_4_015_C02,E,21-05-2026 23:06
VID_4_015_C03,E,21-05-2026 23:06
VID_4_015_C04,E,21-05-2026 23:06
VID_4_018_C00,S,21-05-2026 23:06
VID_5_001_C00,E,21-05-2026 23:06
VID_5_001_C01,E,21-05-2026 23:06
VID_5_001_C02,E,21-05-2026 23:06
VID_5_001_C03,E,21-05-2026 23:06
VID_5_001_C04,E,21-05-2026 23:06
VID_5_001_C05,E,21-05-2026 23:06
VID_5_001_C06,E,21-05-2026 23:06
VID_5_001_C07,E,21-05-2026 23:06
VID_5_001_C08,E,21-05-2026 23:06
VID_5_001_C09,E,21-05-2026 23:06
VID_5_001_C10,E,21-05-2026 23:06
VID_5_002_C00,E,21-05-2026 23:06
VID_5_002_C01,E,21-05-2026 23:06
VID_5_002_C02,E,21-05-2026 23:06
VID_5_002_C03,E,21-05-2026 23:06
VID_5_002_C04,E,21-05-2026 23:06
VID_5_002_C05,E,21-05-2026 23:06
VID_5_002_C06,E,21-05-2026 23:06
VID_5_002_C07,E,21-05-2026 23:06
VID_5_002_C08,E,21-05-2026 23:06
VID_5_002_C09,E,21-05-2026 23:06
VID_5_002_C10,E,21-05-2026 23:06
VID_5_003_C00,E,21-05-2026 23:06
VID_5_003_C01,E,21-05-2026 23:06
VID_5_003_C02,E,21-05-2026 23:06
VID_5_003_C03,E,21-05-2026 23:06
VID_5_003_C04,E,21-05-2026 23:06
VID_5_003_C05,E,21-05-2026 23:06
VID_5_003_C06,E,21-05-2026 23:06
VID_5_003_C07,E,21-05-2026 23:06
VID_5_003_C08,E,21-05-2026 23:06
VID_5_003_C09,E,21-05-2026 23:06
VID_5_003_C10,E,21-05-2026 23:06
VID_5_004_C00,E,21-05-2026 23:06
VID_5_004_C01,E,21-05-2026 23:06
VID_5_004_C02,E,21-05-2026 23:06
VID_5_004_C03,E,21-05-2026 23:06
VID_5_004_C04,E,21-05-2026 23:06
VID_5_004_C05,E,21-05-2026 23:06
VID_5_004_C06,E,21-05-2026 23:06
VID_5_004_C07,E,21-05-2026 23:06
VID_5_004_C08,E,21-05-2026 23:06
VID_5_004_C09,E,21-05-2026 23:06
VID_5_004_C10,E,21-05-2026 23:06
VID_5_005_C00,E,21-05-2026 23:07
VID_5_005_C01,S,21-05-2026 23:07
VID_5_005_C02,E,21-05-2026 23:07
VID_5_005_C03,E,21-05-2026 23:07
VID_5_005_C04,E,21-05-2026 23:07
VID_5_005_C05,E,21-05-2026 23:07
VID_5_005_C06,E,21-05-2026 23:07
VID_5_006_C00,E,21-05-2026 23:07
VID_5_006_C01,E,21-05-2026 23:07
VID_5_006_C02,E,21-05-2026 23:07
VID_5_006_C03,E,21-05-2026 23:07
VID_5_007_C00,S,21-05-2026 23:07
VID_5_007_C01,S,21-05-2026 23:07
VID_5_007_C02,S,21-05-2026 23:07
VID_5_007_C03,S,21-05-2026 23:07
VID_5_007_C04,S,21-05-2026 23:07
VID_5_007_C05,S,21-05-2026 23:07
VID_5_007_C06,S,21-05-2026 23:07
VID_5_007_C07,N,21-05-2026 23:08
VID_5_007_C08,N,21-05-2026 23:08
VID_5_008_C00,N,21-05-2026 23:08
VID_5_009_C00,N,21-05-2026 23:08
VID_5_017_C00,N,21-05-2026 23:08
VID_5_017_C01,N,21-05-2026 23:08
VID_5_017_C02,N,21-05-2026 23:08
VID_5_018_C00,N,21-05-2026 23:08
VID_5_019_C00,E,21-05-2026 23:08
VID_5_019_C01,E,21-05-2026 23:08
VID_5_019_C02,E,21-05-2026 23:08
VID_5_026_C00,N,21-05-2026 23:08
VID_5_026_C01,N,21-05-2026 23:08
VID_5_031_C00,S,21-05-2026 23:08
VID_5_031_C01,S,21-05-2026 23:08
VID_5_032_C00,N,21-05-2026 23:08
VID_5_033_C00,E,21-05-2026 23:08
VID_5_033_C01,E,21-05-2026 23:08
VID_5_034_C00,S,21-05-2026 23:08
VID_5_036_C00,N,21-05-2026 23:08
VID_6_001_C00,E,21-05-2026 23:08
VID_6_001_C01,E,21-05-2026 23:08
VID_6_001_C02,E,21-05-2026 23:09
VID_6_001_C03,E,21-05-2026 23:09
VID_6_001_C04,E,21-05-2026 23:09
VID_6_001_C05,E,21-05-2026 23:09
VID_6_001_C06,E,21-05-2026 23:09
VID_6_001_C07,E,21-05-2026 23:09
VID_6_001_C08,E,21-05-2026 23:09
VID_6_001_C09,E,21-05-2026 23:09
VID_6_002_C00,S,21-05-2026 23:09
VID_6_002_C01,S,21-05-2026 23:09
VID_6_002_C02,S,21-05-2026 23:09
VID_6_002_C03,S,21-05-2026 23:09
VID_6_002_C04,S,21-05-2026 23:09
VID_6_002_C05,S,21-05-2026 23:09
VID_6_002_C06,S,21-05-2026 23:09
VID_6_002_C07,S,21-05-2026 23:09
VID_6_002_C08,S,21-05-2026 23:09
VID_6_002_C09,S,21-05-2026 23:09
VID_6_003_C00,E,21-05-2026 23:09
VID_6_003_C01,E,21-05-2026 23:09
VID_6_003_C02,E,21-05-2026 23:09
VID_6_003_C03,E,21-05-2026 23:09
VID_6_003_C04,E,21-05-2026 23:09
VID_6_004_C00,N,21-05-2026 23:09
VID_6_004_C01,N,21-05-2026 23:09
VID_6_004_C02,N,21-05-2026 23:09
VID_6_005_C00,N,21-05-2026 23:09
VID_6_005_C01,N,21-05-2026 23:09
VID_6_005_C02,N,21-05-2026 23:09
VID_6_005_C03,N,21-05-2026 23:09
VID_6_005_C04,N,21-05-2026 23:09
VID_6_005_C05,N,21-05-2026 23:09
VID_6_005_C06,N,21-05-2026 23:09
VID_6_005_C07,N,21-05-2026 23:09
VID_6_005_C08,N,21-05-2026 23:09
VID_6_005_C09,N,21-05-2026 23:09
VID_6_006_C00,E,21-05-2026 23:09
VID_6_006_C01,E,21-05-2026 23:09
VID_6_006_C02,E,21-05-2026 23:09
VID_6_006_C03,E,21-05-2026 23:09
VID_6_006_C04,E,21-05-2026 23:09
VID_6_006_C05,E,21-05-2026 23:09
VID_6_006_C06,E,21-05-2026 23:09
VID_6_006_C07,E,21-05-2026 23:09
VID_6_006_C08,E,21-05-2026 23:09
VID_6_006_C09,E,21-05-2026 23:09
VID_6_007_C00,N,21-05-2026 23:09
VID_6_007_C01,S,21-05-2026 23:09
VID_6_007_C02,S,21-05-2026 23:10
VID_6_007_C03,N,21-05-2026 23:10
VID_6_007_C04,N,21-05-2026 23:10
VID_6_007_C05,N,21-05-2026 23:10
VID_6_009_C00,N,21-05-2026 23:10
VID_6_009_C01,N,21-05-2026 23:10
VID_6_009_C02,N,21-05-2026 23:10
VID_6_009_C03,N,21-05-2026 23:10
VID_6_009_C04,N,21-05-2026 23:10
VID_6_009_C05,N,21-05-2026 23:10
VID_6_009_C06,N,21-05-2026 23:10
VID_6_009_C07,N,21-05-2026 23:10
VID_6_009_C08,N,21-05-2026 23:10
VID_6_009_C09,N,21-05-2026 23:10
VID_6_010_C00,N,21-05-2026 23:10
VID_6_010_C01,N,21-05-2026 23:10
VID_6_010_C02,N,21-05-2026 23:10
VID_6_010_C03,N,21-05-2026 23:10
VID_6_010_C04,N,21-05-2026 23:10
VID_6_010_C05,N,21-05-2026 23:10
VID_6_010_C06,N,21-05-2026 23:10
VID_6_010_C07,N,21-05-2026 23:10
VID_6_010_C08,N,21-05-2026 23:10
VID_6_016_C00,N,21-05-2026 23:10
VID_6_016_C01,N,21-05-2026 23:10
VID_6_016_C02,N,21-05-2026 23:10
VID_6_016_C03,N,21-05-2026 23:10
VID_6_016_C04,N,21-05-2026 23:10
VID_6_016_C05,N,21-05-2026 23:10
VID_6_019_C00,E,21-05-2026 23:11
VID_6_019_C01,E,21-05-2026 23:11
VID_6_019_C02,E,21-05-2026 23:11
VID_6_019_C03,E,21-05-2026 23:11
VID_6_019_C04,E,21-05-2026 23:11
VID_7_001_C00,S,21-05-2026 23:11
VID_7_001_C01,S,21-05-2026 23:11
VID_7_001_C02,S,21-05-2026 23:11
VID_7_001_C03,S,21-05-2026 23:11
VID_7_001_C04,S,21-05-2026 23:11
VID_7_001_C05,S,21-05-2026 23:11
VID_7_001_C06,S,21-05-2026 23:11
VID_7_001_C07,S,21-05-2026 23:11
VID_7_001_C08,S,21-05-2026 23:11
VID_7_001_C09,S,21-05-2026 23:11
VID_7_002_C00,S,21-05-2026 23:11
VID_7_002_C01,S,21-05-2026 23:11
VID_7_002_C02,S,21-05-2026 23:11
VID_7_002_C03,S,21-05-2026 23:11
VID_7_002_C04,S,21-05-2026 23:11
VID_7_002_C05,S,21-05-2026 23:11
VID_7_002_C06,S,21-05-2026 23:11
VID_7_002_C07,S,21-05-2026 23:11
VID_7_002_C08,S,21-05-2026 23:11
VID_7_002_C09,S,21-05-2026 23:11
VID_7_003_C00,S,21-05-2026 23:11
VID_7_003_C01,E,21-05-2026 23:12
VID_7_003_C02,E,21-05-2026 23:12
VID_7_003_C03,E,21-05-2026 23:12
VID_7_003_C04,E,21-05-2026 23:12
VID_7_003_C05,E,21-05-2026 23:12
VID_7_003_C06,E,21-05-2026 23:12
VID_7_003_C07,E,21-05-2026 23:12
VID_7_003_C08,E,21-05-2026 23:12
VID_7_003_C09,S,21-05-2026 23:12
VID_7_004_C00,E,21-05-2026 23:12
VID_7_004_C01,E,21-05-2026 23:12
VID_7_004_C02,E,21-05-2026 23:12
VID_7_004_C03,E,21-05-2026 23:12
VID_7_004_C04,S,21-05-2026 23:12
VID_7_004_C05,E,21-05-2026 23:12
VID_7_004_C06,E,21-05-2026 23:12
VID_7_004_C07,E,21-05-2026 23:12
VID_7_004_C08,E,21-05-2026 23:12
VID_7_004_C09,S,21-05-2026 23:12
VID_7_005_C00,N,21-05-2026 23:12
VID_7_005_C01,N,21-05-2026 23:12
VID_7_005_C02,N,21-05-2026 23:12
VID_7_005_C03,N,21-05-2026 23:12
VID_7_005_C04,N,21-05-2026 23:12
VID_7_005_C05,N,21-05-2026 23:12
VID_7_005_C06,N,21-05-2026 23:12
VID_7_005_C07,N,21-05-2026 23:12
VID_7_005_C08,N,21-05-2026 23:12
VID_7_005_C09,N,21-05-2026 23:12
VID_7_006_C00,E,21-05-2026 23:12
VID_7_006_C01,E,21-05-2026 23:12
VID_7_006_C02,N,21-05-2026 23:13
VID_7_006_C03,N,21-05-2026 23:13
VID_7_006_C04,N,21-05-2026 23:13
VID_7_006_C05,N,21-05-2026 23:13
VID_7_006_C06,N,21-05-2026 23:13
VID_7_006_C07,N,21-05-2026 23:13
VID_7_006_C08,N,21-05-2026 23:13
VID_7_006_C09,N,21-05-2026 23:13
VID_7_007_C00,N,21-05-2026 23:13
VID_7_007_C01,N,21-05-2026 23:13
VID_7_007_C02,N,21-05-2026 23:13
VID_7_007_C03,N,21-05-2026 23:13
VID_7_007_C04,N,21-05-2026 23:13
VID_7_007_C05,N,21-05-2026 23:13
VID_7_007_C06,N,21-05-2026 23:13
VID_7_007_C07,N,21-05-2026 23:13
VID_7_007_C08,N,21-05-2026 23:13
VID_7_007_C09,N,21-05-2026 23:13
VID_7_008_C00,E,21-05-2026 23:13
VID_7_008_C01,E,21-05-2026 23:13
VID_7_008_C02,E,21-05-2026 23:13
VID_7_008_C03,E,21-05-2026 23:13
VID_7_008_C04,E,21-05-2026 23:13
VID_7_008_C05,E,21-05-2026 23:13
VID_7_008_C06,E,21-05-2026 23:13
VID_7_008_C07,E,21-05-2026 23:13
VID_7_008_C08,N,21-05-2026 23:13
VID_7_008_C09,N,21-05-2026 23:13
VID_7_009_C00,S,21-05-2026 23:13
VID_7_012_C00,S,21-05-2026 23:13
VID_7_016_C00,S,21-05-2026 23:13
VID_7_016_C01,S,21-05-2026 23:13
VID_8_001_C00,N,21-05-2026 23:13
VID_8_001_C01,N,21-05-2026 23:14
VID_8_001_C02,N,21-05-2026 23:14
VID_8_001_C03,N,21-05-2026 23:14
VID_8_001_C04,N,21-05-2026 23:14
VID_8_001_C05,E,21-05-2026 23:14
VID_8_001_C06,E,21-05-2026 23:14
VID_8_001_C07,E,21-05-2026 23:14
VID_8_001_C08,E,21-05-2026 23:14
VID_8_002_C00,E,21-05-2026 23:14
VID_8_002_C01,E,21-05-2026 23:14
VID_8_002_C02,E,21-05-2026 23:14
VID_8_002_C03,E,21-05-2026 23:14
VID_8_002_C04,E,21-05-2026 23:14
VID_8_002_C05,E,21-05-2026 23:14
VID_8_002_C06,E,21-05-2026 23:14
VID_8_002_C07,E,21-05-2026 23:14
VID_8_002_C08,E,21-05-2026 23:14
VID_8_003_C00,S,21-05-2026 23:14
VID_8_003_C01,S,21-05-2026 23:14
VID_8_003_C02,S,21-05-2026 23:14
VID_8_003_C03,S,21-05-2026 23:14
VID_8_003_C04,S,21-05-2026 23:14
VID_8_003_C05,S,21-05-2026 23:14
VID_8_004_C00,E,21-05-2026 23:14
VID_8_004_C01,E,21-05-2026 23:14
VID_8_004_C02,E,21-05-2026 23:14
VID_8_004_C03,E,21-05-2026 23:14
VID_8_004_C04,E,21-05-2026 23:14
VID_8_004_C05,E,21-05-2026 23:14
VID_8_004_C06,E,21-05-2026 23:14
VID_8_004_C07,E,21-05-2026 23:14
VID_8_004_C08,E,21-05-2026 23:14
VID_8_005_C00,S,21-05-2026 23:14
VID_8_005_C01,S,21-05-2026 23:14
VID_8_006_C00,N,21-05-2026 23:14
VID_8_006_C01,N,21-05-2026 23:15
VID_8_006_C02,N,21-05-2026 23:15
VID_8_006_C03,N,21-05-2026 23:15
VID_8_006_C04,N,21-05-2026 23:15
VID_8_006_C05,N,21-05-2026 23:15
VID_8_006_C06,N,21-05-2026 23:15
VID_8_006_C07,N,21-05-2026 23:15
VID_8_006_C08,N,21-05-2026 23:15
VID_8_007_C00,N,21-05-2026 23:15
VID_8_007_C01,N,21-05-2026 23:15
VID_8_007_C02,N,21-05-2026 23:15
VID_8_007_C03,N,21-05-2026 23:15
VID_8_008_C00,E,21-05-2026 23:15
VID_8_008_C01,E,21-05-2026 23:15
VID_8_008_C02,E,21-05-2026 23:15
VID_8_008_C03,E,21-05-2026 23:15
VID_8_008_C04,E,21-05-2026 23:15
VID_8_008_C05,E,21-05-2026 23:15
VID_8_008_C06,E,21-05-2026 23:15
VID_8_009_C00,S,21-05-2026 23:15
VID_8_009_C01,S,21-05-2026 23:15
VID_8_015_C00,E,21-05-2026 23:15
VID_8_015_C01,E,21-05-2026 23:15
VID_8_015_C02,E,21-05-2026 23:15
VID_8_015_C03,E,21-05-2026 23:15
VID_8_015_C04,E,21-05-2026 23:15
VID_8_015_C05,E,21-05-2026 23:15
VID_8_015_C06,E,21-05-2026 23:15
VID_8_015_C07,E,21-05-2026 23:15
VID_8_016_C00,N,21-05-2026 23:15
VID_8_016_C01,N,21-05-2026 23:15
VID_8_016_C02,N,21-05-2026 23:15
VID_8_016_C03,N,21-05-2026 23:16
VID_8_020_C00,S,21-05-2026 23:16
VID_8_020_C01,S,21-05-2026 23:16
VID_8_022_C00,S,21-05-2026 23:16
VID_8_022_C01,S,21-05-2026 23:16
VID_8_022_C02,S,21-05-2026 23:16
VID_8_023_C00,E,21-05-2026 23:16
VID_8_025_C00,E,21-05-2026 23:16
VID_8_026_C00,S,21-05-2026 23:16
VID_9_001_C00,E,21-05-2026 23:16
VID_9_001_C01,E,21-05-2026 23:16
VID_9_001_C02,E,21-05-2026 23:16
VID_9_001_C03,E,21-05-2026 23:16
VID_9_001_C04,E,21-05-2026 23:16
VID_9_001_C05,E,21-05-2026 23:16
VID_9_001_C06,E,21-05-2026 23:16
VID_9_001_C07,E,21-05-2026 23:16
VID_9_001_C08,E,21-05-2026 23:16
VID_9_003_C00,S,21-05-2026 23:16
VID_9_003_C01,S,21-05-2026 23:16
VID_9_006_C00,S,21-05-2026 23:16
VID_9_007_C00,S,21-05-2026 23:16
VID_9_007_C01,S,21-05-2026 23:16
VID_9_007_C02,S,21-05-2026 23:16
VID_9_007_C03,S,21-05-2026 23:16
VID_9_007_C04,S,21-05-2026 23:16
VID_9_007_C05,S,21-05-2026 23:16
VID_9_007_C06,S,21-05-2026 23:16
VID_9_008_C00,N,21-05-2026 23:16
VID_9_008_C01,E,21-05-2026 23:16
VID_9_008_C02,E,21-05-2026 23:17
VID_9_008_C03,N,21-05-2026 23:17
VID_9_008_C04,N,21-05-2026 23:17
VID_9_008_C05,N,21-05-2026 23:17
VID_9_008_C06,E,21-05-2026 23:17
VID_9_008_C07,E,21-05-2026 23:17
VID_9_008_C08,E,21-05-2026 23:17
VID_9_012_C00,E,21-05-2026 23:17
VID_9_012_C01,E,21-05-2026 23:17
VID_9_012_C02,E,21-05-2026 23:17
VID_9_012_C03,E,21-05-2026 23:17
VID_9_012_C04,E,21-05-2026 23:17
VID_9_012_C05,E,21-05-2026 23:17
VID_9_012_C06,E,21-05-2026 23:17
VID_9_012_C07,E,21-05-2026 23:17
VID_9_013_C00,E,21-05-2026 23:17
VID_9_014_C00,E,21-05-2026 23:17
VID_9_017_C00,E,21-05-2026 23:17
VID_9_017_C01,E,21-05-2026 23:17
VID_9_019_C00,S,21-05-2026 23:17
VID_9_019_C01,E,21-05-2026 23:17
VID_9_019_C02,E,21-05-2026 23:17
VID_9_019_C03,E,21-05-2026 23:17
VID_9_019_C04,E,21-05-2026 23:17
VID_9_019_C05,E,21-05-2026 23:17
VID_9_019_C06,E,21-05-2026 23:17
VID_9_021_C00,E,21-05-2026 23:17
VID_9_021_C01,E,21-05-2026 23:17
VID_9_021_C02,E,21-05-2026 23:17
VID_9_022_C00,S,21-05-2026 23:17
VID_9_022_C01,S,21-05-2026 23:17
VID_9_027_C00,S,21-05-2026 23:17
VID_9_027_C01,S,21-05-2026 23:17
