video_id,a,b,label,n_clips,state_cos,state_close,traj_cos,dyn_corr,turn_taking,joint_active
Vid-20260421-Wa0023,1,2,N,13,0.9784,0.6676,0.9669,0.8154,0.1417,0.2920
Vid-20260421-Wa0023,1,3,N,13,0.9727,0.6371,0.9577,0.6045,0.6153,0.2903
Vid-20260421-Wa0023,1,4,C,13,0.9831,0.7006,0.9701,0.5998,0.3495,0.2720
Vid-20260421-Wa0023,1,5,C,13,0.9837,0.7078,0.9667,0.8133,0.4710,0.2836
Vid-20260421-Wa0023,1,6,C,12,0.9844,0.7120,0.9749,0.5109,0.6758,0.2937
Vid-20260421-Wa0023,1,10,N,5,0.9791,0.6699,0.9709,0.6176,0.7195,0.3614
Vid-20260421-Wa0023,2,3,N,13,0.9968,0.8556,0.9896,0.4955,0.5484,0.2575
Vid-20260421-Wa0023,2,4,N,13,0.9936,0.8016,0.9883,0.3554,0.8124,0.2214
Vid-20260421-Wa0023,2,5,N,13,0.9922,0.7632,0.9467,0.4778,0.7090,0.2181
Vid-20260421-Wa0023,2,6,N,13,0.9430,0.5178,0.9355,0.5391,0.4439,0.2905
Vid-20260421-Wa0023,2,10,N,5,0.8097,0.2981,0.8074,0.2055,0.8424,0.2593
Vid-20260421-Wa0023,3,4,N,13,0.9935,0.8002,0.9868,0.7930,0.1516,0.3181
Vid-20260421-Wa0023,3,5,N,13,0.9915,0.7607,0.9503,0.5811,0.5375,0.2603
Vid-20260421-Wa0023,3,6,N,13,0.9360,0.4995,0.9253,0.2380,0.8171,0.2848
Vid-20260421-Wa0023,3,10,N,5,0.8316,0.3208,0.8249,0.7096,0.5766,0.4000
Vid-20260421-Wa0023,4,6,C,5,0.9575,0.5670,0.9489,0.3782,0.4929,0.3622
Vid-20260421-Wa0023,6,10,N,2,0.9442,0.5174,0.5000,0.5000,0.5000,0.5000
Vid-20260421-Wa0043,1,2,N,10,0.9974,0.8653,0.9838,0.3583,0.7979,0.3623
Vid-20260421-Wa0043,1,3,N,10,0.9779,0.6635,0.9655,0.7651,0.2061,0.5020
Vid-20260421-Wa0043,2,3,N,10,0.9635,0.5876,0.9628,0.7950,0.1722,0.4936
Vid-20260421-Wa0049,1,2,C,11,0.9990,0.9170,0.9984,0.3809,0.5806,0.3512
Vid-20260421-Wa0064,1,2,C,14,0.9564,0.5657,0.9356,0.7659,0.4550,0.3552
Vid-20260421-Wa0064,1,3,C,13,0.9904,0.7624,0.9857,0.2900,0.6778,0.3352
Vid-20260421-Wa0064,1,4,C,14,0.9709,0.6232,0.9690,0.7160,0.3933,0.3881
Vid-20260421-Wa0064,1,5,C,4,0.9966,0.8509,0.9957,0.5000,0.5000,0.0000
Vid-20260421-Wa0064,2,3,C,14,0.9911,0.7713,0.9645,0.3507,0.6243,0.2068
Vid-20260421-Wa0064,2,4,C,14,0.9981,0.8802,0.9869,0.7660,0.5540,0.2789
Vid-20260421-Wa0064,2,5,C,5,0.9672,0.6048,0.9657,0.5000,0.5000,0.5102
Vid-20260421-Wa0064,3,4,C,14,0.9916,0.7760,0.9823,0.6067,0.3991,0.3463
Vid-20260421-Wa0064,3,5,C,5,0.9954,0.8281,0.9950,0.5000,0.5000,0.8021
Vid-20260421-Wa0064,4,5,C,5,0.9638,0.5890,0.9636,0.5000,0.5000,0.6956
VID_ (1),1,2,C,14,0.9847,0.7130,0.9725,0.6011,0.3419,0.3359
VID_ (1),1,3,C,14,0.9033,0.4321,0.8857,0.5465,0.6989,0.3112
VID_ (1),1,4,C,14,0.9618,0.5874,0.9289,0.7199,0.3817,0.3876
VID_ (1),1,5,C,13,0.9912,0.7774,0.9784,0.8479,0.1681,0.4386
VID_ (1),1,9,N,3,0.7358,0.2390,0.7357,0.5000,0.5000,0.8756
VID_ (1),1,7,C,2,0.8403,0.3304,0.5000,0.5000,0.5000,0.5000
VID_ (1),1,15,C,4,0.9569,0.5631,0.9517,0.5000,0.5000,0.0000
VID_ (1),1,10,C,7,0.8560,0.3662,0.7950,0.5980,0.6104,0.3832
VID_ (1),1,17,C,4,0.9874,0.7316,0.9641,0.5000,0.5000,0.0000
VID_ (1),2,3,C,14,0.9456,0.5269,0.9271,0.5459,0.2716,0.3193
VID_ (1),2,4,C,14,0.9223,0.4635,0.9119,0.7046,0.3834,0.3732
VID_ (1),2,5,C,13,0.9829,0.6951,0.9585,0.6862,0.4371,0.4025
VID_ (1),2,7,C,4,0.9534,0.5510,0.9399,0.0018,1.0000,0.4303
VID_ (1),2,9,N,4,0.8633,0.3576,0.8615,0.5000,0.5000,0.0000
VID_ (1),2,10,C,9,0.9140,0.4522,0.8827,0.4310,0.4707,0.2699
VID_ (1),2,15,C,5,0.8889,0.3956,0.8886,0.5000,0.5000,0.7552
VID_ (1),2,17,C,5,0.9741,0.6385,0.9738,0.5000,0.5000,0.7366
VID_ (1),3,4,C,12,0.7494,0.2525,0.7414,0.5955,0.6288,0.3608
VID_ (1),3,5,C,12,0.9043,0.4401,0.8691,0.5193,0.5854,0.3691
VID_ (1),3,7,C,4,0.9643,0.5933,0.9554,0.4059,0.0784,0.3516
VID_ (1),3,9,N,4,0.9922,0.7823,0.9890,0.5000,0.5000,0.0000
VID_ (1),3,10,C,9,0.9873,0.7389,0.9105,0.6831,0.4558,0.4328
VID_ (1),3,17,C,5,0.9563,0.5624,0.9427,0.5000,0.5000,0.6801
VID_ (1),4,5,C,11,0.9559,0.5668,0.8913,0.6908,0.4742,0.4441
VID_ (1),4,7,C,3,0.8962,0.4108,0.8889,0.0496,0.5000,0.5213
VID_ (1),4,9,N,4,0.7486,0.2477,0.7482,0.5000,0.5000,0.0000
VID_ (1),4,10,C,9,0.6674,0.2114,0.6581,0.5735,0.5263,0.3502
VID_ (1),4,17,C,5,0.8787,0.3795,0.8786,0.5000,0.5000,0.8479
VID_ (1),5,7,C,4,0.8586,0.3539,0.8553,0.9175,0.0021,0.4878
VID_ (1),5,9,N,4,0.6740,0.2040,0.6739,0.5000,0.5000,0.0000
VID_ (1),5,10,C,9,0.9438,0.5270,0.9063,0.3693,0.5809,0.2464
VID_ (1),5,13,C,1,0.9608,0.5761,0.5000,0.5000,0.5000,0.5000
VID_ (1),5,15,C,3,0.7937,0.2836,0.7917,0.5000,0.5000,0.7394
VID_ (1),5,17,C,6,0.9626,0.5858,0.9578,0.6215,0.5096,0.2877
VID_ (1),7,9,N,4,0.9466,0.5271,0.9405,0.5000,0.5000,0.0000
VID_ (1),10,17,N,2,0.9042,0.4231,0.5000,0.5000,0.5000,0.5000
VID_ (1),2,13,C,1,0.9708,0.6212,0.5000,0.5000,0.5000,0.5000
VID_ (1),3,13,C,1,0.9153,0.4445,0.5000,0.5000,0.5000,0.5000
VID_ (1),3,15,C,1,0.8048,0.2922,0.5000,0.5000,0.5000,0.5000
VID_ (1),15,17,C,2,0.9033,0.4208,0.5000,0.5000,0.5000,0.5000
VID_ (12),1,2,N,9,0.9771,0.6588,0.9660,0.5805,0.5673,0.3608
VID_ (12),1,3,N,9,0.9923,0.7846,0.9855,0.4521,0.5899,0.4022
VID_ (12),1,4,N,6,0.9614,0.5847,0.9522,0.1717,0.7422,0.3417
VID_ (12),1,7,N,3,0.9478,0.5303,0.9451,0.5000,0.5000,0.6693
VID_ (12),1,8,N,3,0.8578,0.3511,0.8559,0.5000,0.5000,0.6655
VID_ (12),2,3,N,9,0.9929,0.7913,0.9897,0.3756,0.6213,0.4226
VID_ (12),2,4,N,6,0.9931,0.7945,0.9856,0.0569,0.9458,0.4220
VID_ (12),2,7,N,1,0.9970,0.8594,0.5000,0.5000,0.5000,0.5000
VID_ (12),2,8,N,4,0.9873,0.7311,0.9867,0.5000,0.5000,0.0000
VID_ (12),3,4,N,4,0.9831,0.6984,0.9769,0.8803,0.2873,0.5175
VID_ (12),3,8,N,4,0.9434,0.5159,0.9433,0.5000,0.5000,0.0000
VID_ (12),4,7,N,1,0.9910,0.7681,0.5000,0.5000,0.5000,0.5000
VID_ (15),1,2,N,12,0.9875,0.7354,0.9800,0.6978,0.3485,0.3387
VID_ (15),1,3,N,3,0.9845,0.7105,0.9772,0.9573,0.5000,0.6261
VID_ (15),1,4,N,11,0.9761,0.6514,0.9720,0.8238,0.2634,0.3975
VID_ (15),1,5,N,6,0.9381,0.5015,0.9340,0.2424,0.9194,0.2085
VID_ (16),1,2,C,11,0.9980,0.8829,0.9876,0.2974,0.5665,0.2159
VID_ (21),1,2,C,11,0.9212,0.4615,0.9102,0.3194,0.7314,0.2878
VID_ (21),1,3,C,7,0.9785,0.6666,0.9730,0.3883,0.6953,0.3800
VID_ (21),1,4,C,12,0.9834,0.7006,0.9763,0.4760,0.4555,0.3661
VID_ (21),1,5,C,8,0.9879,0.7372,0.9826,0.5136,0.5077,0.5131
VID_ (21),1,6,C,7,0.9843,0.7063,0.9835,0.5152,0.1170,0.5128
VID_ (21),2,3,C,6,0.8390,0.3289,0.8368,0.7045,0.3330,0.4764
VID_ (21),2,4,C,12,0.8738,0.3737,0.8691,0.4529,0.6315,0.3392
VID_ (21),2,5,C,8,0.8857,0.3911,0.8836,0.4255,0.6287,0.4564
VID_ (21),2,6,C,7,0.8312,0.3230,0.8230,0.1868,0.9275,0.3697
VID_ (21),3,4,C,10,0.9988,0.9071,0.9960,0.7352,0.3027,0.3662
VID_ (21),4,5,C,8,0.9981,0.8864,0.9962,0.8118,0.2727,0.5244
VID_ (21),3,5,C,1,0.9963,0.8451,0.5000,0.5000,0.5000,0.5000
VID_ (24),1,2,N,9,0.9712,0.6256,0.9651,0.6741,0.3194,0.4914
VID_ (24),1,4,N,9,0.9992,0.9226,0.9836,0.6249,0.3608,0.3602
VID_ (24),2,4,N,7,0.9752,0.6466,0.9707,0.2136,0.7352,0.3823
VID_ (25),1,2,N,14,0.9612,0.5827,0.9413,0.5996,0.7067,0.4788
VID_ (25),1,3,N,14,0.8409,0.3363,0.8285,0.5232,0.6173,0.4522
VID_ (25),1,4,N,14,0.9193,0.4598,0.9010,0.2091,0.6485,0.3765
VID_ (25),1,5,N,14,0.9244,0.4762,0.8831,0.4997,0.5263,0.3186
VID_ (25),1,6,N,14,0.9537,0.5583,0.9164,0.2896,0.7290,0.3363
VID_ (25),1,8,N,10,0.9057,0.4309,0.8972,0.7726,0.3938,0.3739
VID_ (25),1,9,N,3,0.9624,0.5842,0.9566,0.5000,0.5000,0.6893
VID_ (25),1,10,N,9,0.9872,0.7304,0.9823,0.3074,0.8941,0.3357
VID_ (25),1,11,N,7,0.9870,0.7291,0.9785,0.8237,0.1045,0.5317
VID_ (25),1,14,N,3,0.9911,0.7690,0.9908,0.5000,0.5000,0.6621
VID_ (25),2,3,C,14,0.9457,0.5232,0.9447,0.6576,0.5465,0.5434
VID_ (25),2,4,C,14,0.9862,0.7213,0.9848,0.3742,0.6308,0.4763
VID_ (25),2,5,C,14,0.8118,0.3036,0.8027,0.2959,0.6859,0.3256
VID_ (25),2,6,N,14,0.9963,0.8431,0.9856,0.4524,0.4464,0.4194
VID_ (25),2,7,N,14,0.9880,0.7390,0.9783,0.5085,0.5301,0.4599
VID_ (25),2,8,N,10,0.8923,0.4033,0.8859,0.5585,0.2879,0.4413
VID_ (25),2,9,C,3,0.9355,0.4928,0.9349,0.5000,0.5000,0.6774
VID_ (25),2,10,N,9,0.8583,0.3509,0.8572,0.5373,0.3795,0.4224
VID_ (25),2,11,C,7,0.9077,0.4291,0.9071,0.2978,0.6566,0.4522
VID_ (25),2,13,N,5,0.9931,0.7939,0.9876,0.5352,0.8085,0.3008
VID_ (25),2,14,C,3,0.9665,0.6004,0.9661,0.5000,0.5000,0.6621
VID_ (25),3,4,C,14,0.9807,0.6795,0.9799,0.3107,0.7216,0.4462
VID_ (25),3,5,C,14,0.6107,0.1804,0.6079,0.4118,0.6324,0.3435
VID_ (25),3,6,N,14,0.9543,0.5550,0.9455,0.3536,0.5670,0.4085
VID_ (25),3,7,N,14,0.9091,0.4354,0.9022,0.3778,0.7014,0.4317
VID_ (25),3,8,N,10,0.7162,0.2291,0.7136,0.4549,0.2646,0.4490
VID_ (25),3,9,C,3,0.8021,0.2898,0.8020,0.5000,0.5000,0.6927
VID_ (25),3,10,N,9,0.6834,0.2093,0.6828,0.5392,0.3176,0.3635
VID_ (25),3,11,C,7,0.7339,0.2381,0.7335,0.3463,0.9641,0.3933
VID_ (25),3,13,N,5,0.9404,0.5086,0.9362,0.1984,0.6977,0.3217
VID_ (25),3,14,C,3,0.8331,0.3207,0.8331,0.5000,0.5000,0.6621
VID_ (25),4,5,C,14,0.7245,0.2367,0.7184,0.2994,0.7969,0.3440
VID_ (25),4,6,N,13,0.9879,0.7381,0.9796,0.7556,0.2609,0.4652
VID_ (25),4,7,N,14,0.9646,0.5949,0.9580,0.4870,0.6036,0.4678
VID_ (25),4,8,N,10,0.8263,0.3156,0.8212,0.7683,0.5407,0.3594
VID_ (25),4,9,C,3,0.8931,0.4023,0.8927,0.5000,0.5000,0.6688
VID_ (25),4,10,N,9,0.7950,0.2840,0.7936,0.7321,0.1692,0.4473
VID_ (25),4,11,C,7,0.8291,0.3165,0.8284,0.3258,0.8578,0.4546
VID_ (25),4,13,N,5,0.9748,0.6440,0.9709,0.2749,0.9144,0.3050
VID_ (25),4,14,C,3,0.9010,0.4164,0.9010,0.5000,0.5000,0.6621
VID_ (25),5,6,N,13,0.8258,0.3205,0.8203,0.3059,0.5197,0.3334
VID_ (25),5,7,N,14,0.8717,0.3771,0.8639,0.5047,0.5915,0.3655
VID_ (25),5,8,N,10,0.9610,0.5786,0.9527,0.5572,0.5977,0.4041
VID_ (25),5,9,C,3,0.9252,0.4665,0.9251,0.5000,0.5000,0.8333
VID_ (25),5,10,N,9,0.9894,0.7526,0.9766,0.5295,0.6594,0.3882
VID_ (25),5,11,C,7,0.9958,0.8304,0.9759,0.1887,0.9428,0.3417
VID_ (25),5,13,N,5,0.8107,0.3046,0.7955,0.1946,0.7357,0.3054
VID_ (25),5,14,C,3,0.9661,0.5986,0.9652,0.5000,0.5000,0.6621
VID_ (25),6,7,N,14,0.9831,0.7009,0.9766,0.5614,0.4341,0.3679
VID_ (25),6,9,N,3,0.9835,0.6988,0.9827,0.5000,0.5000,0.7026
VID_ (25),6,8,N,1,0.9185,0.4511,0.5000,0.5000,0.5000,0.5000
VID_ (25),6,11,N,6,0.8443,0.3341,0.8432,0.3204,0.2899,0.5156
VID_ (25),6,13,N,5,0.9790,0.6694,0.9748,0.1985,0.8157,0.3255
VID_ (25),6,14,N,3,0.9126,0.4389,0.9126,0.5000,0.5000,0.6621
VID_ (25),7,8,N,9,0.9569,0.5629,0.9503,0.8332,0.2238,0.5389
VID_ (25),7,9,N,3,0.9814,0.6837,0.9802,0.5000,0.5000,0.8033
VID_ (25),7,10,N,8,0.8979,0.4132,0.8925,0.2844,0.8399,0.1984
VID_ (25),7,11,N,7,0.8806,0.3835,0.8777,0.4079,0.6232,0.2908
VID_ (25),7,14,N,3,0.9534,0.5510,0.9442,0.5000,0.5000,0.6621
VID_ (25),8,9,N,4,0.9847,0.7096,0.9760,0.5000,0.5000,0.0000
VID_ (25),10,11,N,2,0.9890,0.7468,0.5000,0.5000,0.5000,0.5000
VID_ (25),11,13,N,2,0.9103,0.4340,0.5000,0.5000,0.5000,0.5000
VID_ (25),13,14,N,3,0.9714,0.6257,0.9656,0.5000,0.5000,0.6621
VID_ (25),1,13,N,1,0.9985,0.8961,0.5000,0.5000,0.5000,0.5000
VID_ (26),1,2,C,14,0.8747,0.3797,0.8624,0.5389,0.5910,0.3176
VID_ (26),1,3,C,13,0.9864,0.7251,0.9740,0.4934,0.3152,0.4304
VID_ (26),1,4,N,4,0.9951,0.8228,0.9927,0.6576,0.0647,0.5203
VID_ (26),1,5,N,14,0.9948,0.8193,0.9918,0.4668,0.5237,0.3615
VID_ (26),1,6,C,14,0.9896,0.7536,0.9839,0.3364,0.5106,0.3475
VID_ (26),1,8,N,14,0.9923,0.7839,0.9899,0.7202,0.1513,0.2928
VID_ (26),1,10,N,5,0.9898,0.7552,0.9891,0.2895,0.9177,0.2499
VID_ (26),2,3,C,14,0.9413,0.5211,0.9086,0.3834,0.5431,0.3070
VID_ (26),2,4,N,4,0.8662,0.3639,0.8629,0.4703,0.1250,0.3772
VID_ (26),2,5,N,14,0.9091,0.4410,0.8903,0.3774,0.5991,0.2877
VID_ (26),2,6,C,14,0.9126,0.4488,0.8880,0.4140,0.5002,0.3096
VID_ (26),2,8,N,14,0.9113,0.4456,0.8860,0.4429,0.5593,0.2225
VID_ (26),2,10,N,5,0.9822,0.6912,0.9780,0.2778,0.9152,0.2032
VID_ (26),3,4,N,4,0.9982,0.8893,0.9938,0.7379,0.2666,0.4510
VID_ (26),3,5,N,14,0.9927,0.7896,0.9814,0.6616,0.3048,0.3877
VID_ (26),3,6,C,14,0.9887,0.7474,0.9677,0.6772,0.4526,0.4302
VID_ (26),3,8,N,14,0.9928,0.7912,0.9832,0.3773,0.4895,0.2359
VID_ (26),3,10,N,5,0.9989,0.9130,0.9919,0.1938,0.7592,0.3025
VID_ (26),4,5,N,4,0.9966,0.8508,0.9938,0.3850,0.7312,0.4678
VID_ (26),4,6,N,4,0.9915,0.7745,0.9797,0.4836,0.3908,0.4937
VID_ (26),4,8,N,3,0.9953,0.8274,0.9936,0.9264,0.5000,0.6598
VID_ (26),5,6,N,14,0.9946,0.8161,0.9872,0.6312,0.1938,0.3870
VID_ (26),5,8,N,14,0.9976,0.8730,0.9911,0.3075,0.6454,0.2261
VID_ (26),5,9,N,2,0.9930,0.7932,0.5000,0.5000,0.5000,0.5000
VID_ (26),5,10,N,5,0.9934,0.7980,0.9914,0.1947,0.7863,0.3013
VID_ (26),6,8,N,14,0.9948,0.8200,0.9869,0.4357,0.5527,0.2338
VID_ (26),6,9,N,2,0.9872,0.7302,0.5000,0.5000,0.5000,0.5000
VID_ (26),6,10,N,5,0.9912,0.7704,0.9888,0.1938,0.7660,0.3049
VID_ (26),8,9,N,1,0.9956,0.8307,0.5000,0.5000,0.5000,0.5000
VID_ (26),8,10,N,5,0.9960,0.8386,0.9953,0.2441,0.8990,0.2931
VID_ (27),1,2,N,14,0.9798,0.6742,0.9769,0.3884,0.3816,0.2407
VID_ (27),1,3,N,14,0.9957,0.8343,0.9905,0.5301,0.5961,0.2373
VID_ (27),1,4,N,12,0.9973,0.8656,0.9960,0.6316,0.2967,0.3490
VID_ (27),1,5,N,5,0.9935,0.7998,0.9846,0.6402,0.6075,0.5658
VID_ (27),1,6,N,14,0.9308,0.4821,0.9284,0.5026,0.3172,0.2468
VID_ (27),1,7,N,14,0.8642,0.3640,0.8532,0.4500,0.3754,0.2403
VID_ (27),1,10,N,8,0.9610,0.5779,0.9592,0.6238,0.3043,0.7427
VID_ (27),1,12,N,4,0.8831,0.3863,0.8827,0.5260,0.2121,0.4037
VID_ (27),1,14,N,7,0.9967,0.8517,0.9965,0.7548,0.3602,0.4753
VID_ (27),1,15,N,3,0.9985,0.8990,0.9985,0.5000,0.5000,0.8333
VID_ (27),1,17,N,3,0.9077,0.4293,0.9076,0.5000,0.5000,0.7255
VID_ (27),1,18,N,6,0.9817,0.6865,0.9810,0.5945,0.1169,0.3164
VID_ (27),2,3,N,14,0.9758,0.6506,0.9687,0.4643,0.4116,0.2319
VID_ (27),2,4,N,14,0.9828,0.6949,0.9787,0.7911,0.3554,0.2998
VID_ (27),2,5,C,6,0.9852,0.7152,0.9785,0.4471,0.7532,0.5032
VID_ (27),2,6,C,14,0.9837,0.7021,0.9738,0.6317,0.3696,0.2741
VID_ (27),2,7,C,13,0.9494,0.5386,0.9394,0.6640,0.4541,0.2831
VID_ (27),2,8,N,4,0.9823,0.6912,0.9803,0.5000,0.5000,0.0000
VID_ (27),2,10,C,7,0.9848,0.7103,0.9823,0.8187,0.1332,0.5603
VID_ (27),2,12,C,4,0.9462,0.5244,0.9451,0.8419,0.2108,0.5000
VID_ (27),2,13,N,19,0.9523,0.5454,0.9499,0.5622,0.6890,0.3278
VID_ (27),2,15,N,9,0.9715,0.6254,0.9700,0.7048,0.3888,0.3363
VID_ (27),2,17,C,3,0.9767,0.6534,0.9765,0.5000,0.5000,0.8536
VID_ (27),2,18,C,5,0.9914,0.7731,0.9906,0.5000,0.5000,0.5138
VID_ (27),2,19,N,3,0.9170,0.4492,0.9160,0.5000,0.5000,0.6856
VID_ (27),3,4,N,14,0.9933,0.7973,0.9898,0.3737,0.6444,0.2285
VID_ (27),3,5,N,3,0.9715,0.6271,0.9619,0.9169,0.5000,0.6131
VID_ (27),3,6,N,14,0.9338,0.4910,0.9293,0.5068,0.6775,0.2303
VID_ (27),3,7,N,13,0.8697,0.3730,0.8562,0.2767,0.5713,0.2090
VID_ (27),3,8,N,4,0.9971,0.8602,0.9965,0.5000,0.5000,0.0000
VID_ (27),3,10,N,8,0.9413,0.5116,0.9367,0.3962,0.6341,0.3263
VID_ (27),3,12,N,4,0.9135,0.4429,0.9105,0.5168,0.3585,0.4126
VID_ (27),3,13,N,19,0.9879,0.7369,0.9848,0.4497,0.4620,0.2865
VID_ (27),3,14,N,8,0.9943,0.8105,0.9928,0.2029,0.3964,0.4311
VID_ (27),3,15,N,9,0.9930,0.7930,0.9915,0.4763,0.2943,0.3908
VID_ (27),3,17,N,3,0.9220,0.4598,0.9216,0.5000,0.5000,0.7309
VID_ (27),3,18,N,5,0.9824,0.6919,0.9818,0.1957,0.7972,0.2922
VID_ (27),3,19,N,3,0.9928,0.7905,0.9926,0.5000,0.5000,0.8315
VID_ (27),4,5,N,4,0.9806,0.6806,0.9729,0.8306,0.4309,0.5858
VID_ (27),4,6,N,14,0.9365,0.4974,0.9332,0.4851,0.4688,0.2282
VID_ (27),4,7,N,14,0.8717,0.3745,0.8574,0.8687,0.3629,0.2668
VID_ (27),4,10,N,8,0.9534,0.5488,0.9526,0.4006,0.6137,0.4349
VID_ (27),4,8,N,2,0.9973,0.8666,0.5000,0.5000,0.5000,0.5000
VID_ (27),4,12,N,4,0.9036,0.4215,0.9032,0.7779,0.1256,0.5000
VID_ (27),4,14,N,7,0.9911,0.7693,0.9909,0.4715,0.7769,0.4816
VID_ (27),4,17,N,3,0.9312,0.4818,0.9312,0.5000,0.5000,0.8062
VID_ (27),4,18,N,6,0.9831,0.6969,0.9814,0.3177,0.9279,0.2140
VID_ (27),5,6,C,6,0.9066,0.4307,0.8974,0.4256,0.3853,0.2489
VID_ (27),5,7,C,7,0.8535,0.3515,0.8336,0.6428,0.3580,0.2130
VID_ (27),5,8,N,4,0.9879,0.7379,0.9785,0.5000,0.5000,0.0000
VID_ (27),5,10,C,4,0.9726,0.6329,0.9635,0.5000,0.5000,0.0000
VID_ (27),5,12,C,2,0.8624,0.3563,0.5000,0.5000,0.5000,0.5000
VID_ (27),5,13,N,3,0.9958,0.8348,0.9945,0.6853,0.5000,0.6423
VID_ (27),5,14,C,3,0.9978,0.8773,0.9972,0.2500,0.5000,0.5000
VID_ (27),5,15,N,2,0.9962,0.8434,0.5000,0.5000,0.5000,0.5000
VID_ (27),5,18,C,2,0.9614,0.5791,0.5000,0.5000,0.5000,0.5000
VID_ (27),5,19,N,1,0.9969,0.8565,0.5000,0.5000,0.5000,0.5000
VID_ (27),6,7,C,14,0.9820,0.6915,0.9634,0.4205,0.5665,0.2389
VID_ (27),6,8,N,4,0.9012,0.4178,0.8990,0.5000,0.5000,0.0000
VID_ (27),6,13,N,19,0.9138,0.4424,0.9127,0.5398,0.3261,0.3766
VID_ (27),6,14,C,7,0.9369,0.4973,0.9367,0.4914,0.6506,0.4490
VID_ (27),6,15,N,9,0.9346,0.4912,0.9336,0.7159,0.3237,0.3414
VID_ (27),6,19,N,3,0.9159,0.4466,0.9153,0.5000,0.5000,0.6790
VID_ (27),7,8,N,4,0.8741,0.3741,0.8703,0.5000,0.5000,0.0000
VID_ (27),7,10,C,8,0.9789,0.6680,0.9743,0.4327,0.6423,0.6346
VID_ (27),7,12,C,4,0.9916,0.7754,0.9887,0.3492,0.5492,0.3412
VID_ (27),7,13,N,19,0.8071,0.3015,0.7945,0.7446,0.3568,0.4273
VID_ (27),7,14,C,7,0.9033,0.4213,0.9020,0.8371,0.1120,0.5625
VID_ (27),7,15,N,9,0.8947,0.4072,0.8900,0.7884,0.2204,0.2912
VID_ (27),7,17,C,3,0.9944,0.8113,0.9935,0.5000,0.5000,0.7023
VID_ (27),7,18,C,6,0.8269,0.3157,0.8228,0.2988,0.7655,0.2860
VID_ (27),7,19,N,3,0.6382,0.1888,0.6370,0.5000,0.5000,0.6716
VID_ (27),8,10,N,3,0.9494,0.5350,0.9485,0.5000,0.5000,0.6631
VID_ (27),12,13,N,5,0.8545,0.3462,0.8538,0.7682,0.3592,0.5081
VID_ (27),12,14,C,4,0.8750,0.3742,0.8745,0.5000,0.5000,0.5000
VID_ (27),12,15,N,4,0.8802,0.3819,0.8797,0.5000,0.5000,0.5000
VID_ (27),13,14,N,7,0.9974,0.8675,0.9972,0.5434,0.8864,0.5046
VID_ (27),13,17,N,5,0.8859,0.3907,0.8858,0.5000,0.5000,0.8094
VID_ (27),13,18,N,5,0.9635,0.5878,0.9631,0.3743,0.9088,0.2732
VID_ (27),14,15,N,5,0.9985,0.8985,0.9983,0.8264,0.1832,0.4801
VID_ (27),14,17,C,3,0.8995,0.4139,0.8994,0.5000,0.5000,0.6609
VID_ (27),15,17,N,4,0.9007,0.4161,0.9005,0.5000,0.5000,0.0000
VID_ (27),18,19,N,3,0.9643,0.5915,0.9640,0.5000,0.5000,0.6624
VID_ (28),1,4,C,10,0.9953,0.8268,0.9913,0.6194,0.6508,0.4039
VID_ (28),1,6,C,27,0.9976,0.8725,0.9962,0.5198,0.6437,0.3815
VID_ (28),1,2,C,13,0.9982,0.8881,0.9972,0.4841,0.5682,0.3053
VID_ (28),1,5,C,15,0.9945,0.8137,0.9915,0.4658,0.5802,0.4917
VID_ (28),1,8,C,4,0.9968,0.8536,0.9966,0.7273,0.1140,0.4736
VID_ (28),1,10,C,3,0.9978,0.8766,0.9968,0.5000,0.5000,0.6713
VID_ (28),1,11,C,1,0.9889,0.7465,0.5000,0.5000,0.5000,0.5000
VID_ (28),2,4,C,11,0.9972,0.8630,0.9919,0.7118,0.4829,0.5066
VID_ (28),2,6,C,28,0.9981,0.8873,0.9970,0.5019,0.6379,0.4399
VID_ (28),2,5,C,17,0.9965,0.8495,0.9937,0.3150,0.7014,0.4523
VID_ (28),2,10,C,3,0.9986,0.9015,0.9986,0.5000,0.5000,0.8299
VID_ (28),4,6,C,13,0.9957,0.8336,0.9875,0.2050,0.7073,0.3601
VID_ (28),4,8,C,2,0.9944,0.8129,0.5000,0.5000,0.5000,0.5000
VID_ (28),5,6,C,15,0.9938,0.8035,0.9901,0.5171,0.8186,0.4229
VID_ (28),5,8,C,5,0.9944,0.8122,0.9928,0.2121,0.8586,0.2600
VID_ (28),6,8,C,7,0.9955,0.8301,0.9944,0.2786,0.7701,0.4119
VID_ (28),2,9,C,1,0.9892,0.7492,0.5000,0.5000,0.5000,0.5000
VID_ (28),6,9,C,1,0.9893,0.7497,0.5000,0.5000,0.5000,0.5000
VID_ (28),9,10,C,1,0.9880,0.7372,0.5000,0.5000,0.5000,0.5000
VID_ (29),1,2,C,16,0.9940,0.8066,0.9921,0.6247,0.3639,0.3978
VID_ (29),1,3,C,16,0.9929,0.7917,0.9913,0.5065,0.4896,0.3002
VID_ (29),1,4,C,15,0.9893,0.7510,0.9865,0.8353,0.4591,0.3668
VID_ (29),1,5,C,1,0.8434,0.3322,0.5000,0.5000,0.5000,0.5000
VID_ (29),2,3,C,16,0.9924,0.7848,0.9872,0.7065,0.3997,0.3960
VID_ (29),2,4,C,15,0.9963,0.8456,0.9914,0.6093,0.7395,0.4016
VID_ (29),2,5,C,1,0.9007,0.4157,0.5000,0.5000,0.5000,0.5000
VID_ (29),3,4,C,15,0.9951,0.8233,0.9901,0.7442,0.2593,0.3567
VID_ (29),3,5,C,1,0.8956,0.4065,0.5000,0.5000,0.5000,0.5000
VID_ (29),4,5,C,1,0.9379,0.4992,0.5000,0.5000,0.5000,0.5000
VID_ (3),1,2,C,13,0.9819,0.6900,0.9712,0.5146,0.5082,0.4078
VID_ (3),1,4,C,13,0.9926,0.7877,0.9889,0.7255,0.5101,0.3945
VID_ (3),1,5,C,6,0.9844,0.7078,0.9769,0.8827,0.1594,0.4853
VID_ (3),1,6,C,12,0.9771,0.6582,0.9683,0.5931,0.7517,0.3677
VID_ (3),1,8,C,1,0.9930,0.7924,0.5000,0.5000,0.5000,0.5000
VID_ (3),1,3,N,5,0.7247,0.2348,0.7209,0.6077,0.3681,0.5173
VID_ (3),2,4,C,14,0.9945,0.8155,0.9807,0.4263,0.5046,0.3059
VID_ (3),2,5,C,6,0.9968,0.8552,0.9930,0.8169,0.3946,0.4277
VID_ (3),2,6,C,14,0.9971,0.8623,0.9873,0.6991,0.1574,0.3834
VID_ (3),2,3,N,6,0.7737,0.2707,0.7612,0.9518,0.0324,0.5009
VID_ (3),3,4,N,8,0.7401,0.2464,0.7334,0.4448,0.4325,0.3973
VID_ (3),3,6,N,8,0.8196,0.3110,0.8156,0.7338,0.3285,0.4040
VID_ (3),4,5,C,5,0.9918,0.7803,0.9675,0.5639,0.2944,0.4637
VID_ (3),4,6,C,13,0.9965,0.8492,0.9798,0.6598,0.4977,0.2883
VID_ (3),4,8,C,1,0.9951,0.8229,0.5000,0.5000,0.5000,0.5000
VID_ (3),5,6,C,9,0.9326,0.4999,0.9062,0.2864,0.6486,0.4402
VID_ (3),5,8,C,1,0.9264,0.4699,0.5000,0.5000,0.5000,0.5000
VID_ (3),6,8,C,1,0.9756,0.6475,0.5000,0.5000,0.5000,0.5000
VID_ (3),2,9,C,2,0.9038,0.4219,0.5000,0.5000,0.5000,0.5000
VID_ (3),4,9,C,2,0.8272,0.3144,0.5000,0.5000,0.5000,0.5000
VID_ (3),6,9,C,2,0.8545,0.3468,0.5000,0.5000,0.5000,0.5000
VID_ (3),8,9,C,1,0.7876,0.2771,0.5000,0.5000,0.5000,0.5000
VID_ (3),1,9,C,1,0.8322,0.3195,0.5000,0.5000,0.5000,0.5000
VID_ (30),1,2,N,10,0.9961,0.8438,0.9796,0.3494,0.5714,0.3649
VID_ (30),1,3,N,15,0.9840,0.7063,0.9686,0.4660,0.5471,0.3021
VID_ (30),1,4,N,15,0.9738,0.6403,0.9608,0.6955,0.4187,0.3460
VID_ (30),1,10,N,6,0.9695,0.6152,0.9678,0.3278,0.3131,0.3637
VID_ (30),1,7,N,20,0.9967,0.8531,0.9861,0.3609,0.5256,0.2733
VID_ (30),1,12,N,4,0.9966,0.8512,0.9961,0.5000,0.5000,0.0000
VID_ (30),1,13,N,3,0.9543,0.5516,0.9540,0.5000,0.5000,0.7021
VID_ (30),1,14,N,9,0.9283,0.4792,0.9211,0.6880,0.6052,0.3108
VID_ (30),1,17,N,5,0.9917,0.7764,0.9879,0.5000,0.5000,0.7287
VID_ (30),1,18,N,5,0.9521,0.5440,0.9514,0.5000,0.5000,0.5943
VID_ (30),2,10,N,3,0.9342,0.4899,0.9341,0.6756,0.5000,0.6019
VID_ (30),2,3,N,9,0.9855,0.7191,0.9736,0.7121,0.1732,0.3518
VID_ (30),2,4,N,6,0.9833,0.7007,0.9681,0.4227,0.8327,0.5349
VID_ (30),2,7,N,1,0.9505,0.5384,0.5000,0.5000,0.5000,0.5000
VID_ (30),2,13,N,3,0.9808,0.6822,0.9657,0.5000,0.5000,0.6784
VID_ (30),2,14,N,9,0.9461,0.5312,0.9298,0.6547,0.2453,0.3763
VID_ (30),2,16,N,5,0.9894,0.7515,0.9777,0.5000,0.5000,0.7280
VID_ (30),2,17,N,5,0.9846,0.7098,0.9746,0.5000,0.5000,0.7268
VID_ (30),3,4,C,15,0.9915,0.7743,0.9870,0.5355,0.4005,0.2803
VID_ (30),3,8,C,3,0.9953,0.8273,0.9938,0.5000,0.5000,0.6845
VID_ (30),3,10,C,7,0.9595,0.5717,0.9577,0.4373,0.7986,0.3464
VID_ (30),3,12,N,4,0.9876,0.7342,0.9865,0.5000,0.5000,0.0000
VID_ (30),3,13,C,3,0.9320,0.4844,0.9310,0.5000,0.5000,0.6881
VID_ (30),3,14,C,9,0.8918,0.4047,0.8862,0.8752,0.1172,0.3189
VID_ (30),3,7,N,18,0.9890,0.7492,0.9838,0.6171,0.3093,0.3463
VID_ (30),3,16,N,5,0.9878,0.7360,0.9821,0.5000,0.5000,0.4348
VID_ (30),3,17,C,4,0.9923,0.7842,0.9876,0.5000,0.5000,0.0000
VID_ (30),3,18,N,5,0.9848,0.7102,0.9816,0.5000,0.5000,0.4558
VID_ (30),4,8,C,3,0.9874,0.7321,0.9873,0.5000,0.5000,0.8049
VID_ (30),4,10,C,6,0.9424,0.5129,0.9419,0.8125,0.7525,0.4668
VID_ (30),4,12,N,5,0.9945,0.8136,0.9942,0.5000,0.5000,0.5761
VID_ (30),4,7,N,16,0.9897,0.7550,0.9847,0.4354,0.5611,0.3569
VID_ (30),4,14,C,9,0.8852,0.3928,0.8773,0.3404,0.7452,0.3334
VID_ (30),4,16,N,5,0.9754,0.6466,0.9753,0.5000,0.5000,0.8686
VID_ (30),4,17,C,5,0.9906,0.7638,0.9905,0.5000,0.5000,0.6280
VID_ (30),4,18,N,5,0.9992,0.9260,0.9991,0.5000,0.5000,0.7330
VID_ (30),7,8,N,1,0.9972,0.8632,0.5000,0.5000,0.5000,0.5000
VID_ (30),7,10,N,2,0.9769,0.6551,0.5000,0.5000,0.5000,0.5000
VID_ (30),7,13,N,5,0.9567,0.5606,0.9559,0.5000,0.5000,0.6629
VID_ (30),7,14,N,9,0.9237,0.4681,0.9134,0.5654,0.8190,0.2872
VID_ (30),7,16,N,5,0.9883,0.7412,0.9838,0.5000,0.5000,0.5704
VID_ (30),7,17,N,2,0.9897,0.7542,0.5000,0.5000,0.5000,0.5000
VID_ (30),8,10,C,3,0.9820,0.6885,0.9810,0.5000,0.5000,0.6620
VID_ (30),12,13,N,2,0.9677,0.6062,0.5000,0.5000,0.5000,0.5000
VID_ (30),12,14,N,3,0.9482,0.5308,0.9481,0.5000,0.5000,0.6620
VID_ (30),13,14,C,3,0.9957,0.8326,0.9955,0.5000,0.5000,0.6620
VID_ (30),14,16,N,3,0.9210,0.4602,0.9129,0.5000,0.5000,0.6623
VID_ (30),14,17,C,2,0.8100,0.2968,0.5000,0.5000,0.5000,0.5000
VID_ (30),16,18,N,2,0.9734,0.6356,0.5000,0.5000,0.5000,0.5000
VID_ (30),16,17,N,1,0.9892,0.7487,0.5000,0.5000,0.5000,0.5000
VID_ (30),17,18,N,2,0.9895,0.7521,0.5000,0.5000,0.5000,0.5000
VID_ (4),1,2,C,14,0.9951,0.8240,0.9935,0.6501,0.4128,0.3726
VID_ (4),1,4,N,14,0.9877,0.7356,0.9842,0.3311,0.5788,0.2968
VID_ (4),1,5,C,14,0.9941,0.8087,0.9813,0.8147,0.1953,0.4642
VID_ (4),1,6,C,2,0.9655,0.5970,0.5000,0.5000,0.5000,0.5000
VID_ (4),1,8,N,8,0.9938,0.8041,0.9911,0.8083,0.2211,0.5380
VID_ (4),1,11,N,4,0.9870,0.7282,0.9861,0.5000,0.5000,0.0000
VID_ (4),1,12,N,7,0.9873,0.7311,0.9860,0.8530,0.2843,0.5448
VID_ (4),1,3,C,12,0.9953,0.8263,0.9942,0.7240,0.2029,0.3832
VID_ (4),1,13,N,3,0.9755,0.6474,0.9744,0.5000,0.5000,0.6774
VID_ (4),1,9,C,11,0.9924,0.7855,0.9880,0.4351,0.5717,0.4574
VID_ (4),1,10,C,2,0.9836,0.7009,0.5000,0.5000,0.5000,0.5000
VID_ (4),1,15,C,14,0.9830,0.6965,0.9814,0.5655,0.4919,0.4575
VID_ (4),1,17,C,4,0.9949,0.8203,0.9941,0.5000,0.5000,0.0000
VID_ (4),1,16,C,2,0.9518,0.5428,0.5000,0.5000,0.5000,0.5000
VID_ (4),1,18,C,3,0.9978,0.8767,0.9976,0.5000,0.5000,0.7254
VID_ (4),1,19,N,5,0.9951,0.8227,0.9948,0.7373,0.3266,0.6168
VID_ (4),1,20,N,4,0.9855,0.7152,0.9851,0.5000,0.5000,0.0000
VID_ (4),1,21,C,4,0.9948,0.8185,0.9944,0.5000,0.5000,0.0000
VID_ (4),2,4,N,14,0.9845,0.7076,0.9820,0.5086,0.7567,0.3265
VID_ (4),2,5,C,14,0.9967,0.8524,0.9891,0.5412,0.4427,0.3929
VID_ (4),2,6,C,2,0.9862,0.7212,0.5000,0.5000,0.5000,0.5000
VID_ (4),2,8,N,8,0.9951,0.8241,0.9899,0.3683,0.5795,0.3870
VID_ (4),2,11,N,4,0.9968,0.8548,0.9966,0.5000,0.5000,0.0000
VID_ (4),2,12,N,6,0.9799,0.6740,0.9796,0.8844,0.1397,0.5966
VID_ (4),2,3,C,12,0.9982,0.8889,0.9961,0.4499,0.7274,0.3280
VID_ (4),2,13,N,3,0.9947,0.8175,0.9941,0.5000,0.5000,0.6848
VID_ (4),2,9,C,11,0.9882,0.7400,0.9859,0.5616,0.4346,0.3567
VID_ (4),2,15,C,15,0.9927,0.7883,0.9924,0.4840,0.7536,0.5923
VID_ (4),2,10,C,4,0.9961,0.8413,0.9956,0.0430,0.9836,0.6291
VID_ (4),2,16,C,5,0.9301,0.4791,0.9301,0.5000,0.5000,0.9375
VID_ (4),2,17,C,5,0.9976,0.8729,0.9975,0.5000,0.5000,0.9383
VID_ (4),2,19,N,5,0.9978,0.8768,0.9974,0.3292,0.8599,0.6010
VID_ (4),2,20,N,4,0.9836,0.7000,0.9835,0.5000,0.5000,0.0000
VID_ (4),2,21,C,2,0.9949,0.8197,0.5000,0.5000,0.5000,0.5000
VID_ (4),3,4,N,12,0.9861,0.7208,0.9842,0.4958,0.6770,0.3174
VID_ (4),3,5,C,12,0.9942,0.8100,0.9819,0.5948,0.3604,0.4545
VID_ (4),3,8,N,5,0.9959,0.8370,0.9914,0.6056,0.7381,0.5786
VID_ (4),3,11,N,1,0.9965,0.8483,0.5000,0.5000,0.5000,0.5000
VID_ (4),3,12,N,6,0.9834,0.6994,0.9820,0.1476,0.8813,0.3852
VID_ (4),3,13,N,3,0.9896,0.7528,0.9891,0.5000,0.5000,0.6843
VID_ (4),3,9,C,12,0.9922,0.7824,0.9888,0.2570,0.8801,0.3303
VID_ (4),3,15,C,15,0.9939,0.8053,0.9932,0.5718,0.6519,0.5755
VID_ (4),3,17,C,5,0.9970,0.8578,0.9965,0.5000,0.5000,0.8404
VID_ (4),3,18,C,3,0.9963,0.8437,0.9961,0.5000,0.5000,0.6912
VID_ (4),3,19,N,5,0.9977,0.8762,0.9972,0.3637,0.6095,0.4544
VID_ (4),3,20,N,4,0.9705,0.6203,0.9705,0.5000,0.5000,0.0000
VID_ (4),3,21,C,3,0.9871,0.7292,0.9870,0.5000,0.5000,0.8091
VID_ (4),4,5,N,14,0.9940,0.8069,0.9823,0.5606,0.4119,0.3521
VID_ (4),4,6,N,2,0.9119,0.4380,0.5000,0.5000,0.5000,0.5000
VID_ (4),4,8,C,8,0.9962,0.8429,0.9854,0.6146,0.4655,0.4560
VID_ (4),4,11,C,4,0.9543,0.5521,0.9532,0.5000,0.5000,0.0000
VID_ (4),4,12,C,7,0.9987,0.9030,0.9972,0.4774,0.5155,0.4204
VID_ (4),4,13,C,3,0.9743,0.6401,0.9738,0.5000,0.5000,0.6764
VID_ (4),4,9,N,11,0.9978,0.8774,0.9946,0.3279,0.7434,0.2607
VID_ (4),4,15,N,15,0.9691,0.6138,0.9684,0.4855,0.5454,0.4579
VID_ (4),4,10,N,2,0.9815,0.6854,0.5000,0.5000,0.5000,0.5000
VID_ (4),4,16,N,5,0.9704,0.6196,0.9703,0.5000,0.5000,0.4912
VID_ (4),4,17,N,5,0.9906,0.7637,0.9904,0.5000,0.5000,0.4921
VID_ (4),4,18,N,3,0.9874,0.7316,0.9870,0.5000,0.5000,0.6883
VID_ (4),4,19,C,5,0.9900,0.7573,0.9881,0.2434,0.3788,0.5393
VID_ (4),4,20,N,4,0.9929,0.7916,0.9928,0.5000,0.5000,0.0000
VID_ (4),4,21,N,4,0.9972,0.8630,0.9970,0.5000,0.5000,0.0000
VID_ (4),5,8,N,12,0.9963,0.8451,0.9904,0.2557,0.6991,0.3508
VID_ (4),5,11,N,4,0.9989,0.9102,0.9986,0.5000,0.5000,0.0000
VID_ (4),5,12,N,7,0.9699,0.6173,0.9696,0.8747,0.1467,0.5116
VID_ (4),5,13,N,3,0.9982,0.8880,0.9978,0.5000,0.5000,0.7428
VID_ (4),5,9,C,12,0.9944,0.8139,0.9824,0.4271,0.5043,0.4153
VID_ (4),5,15,C,12,0.9668,0.6036,0.9633,0.5360,0.4969,0.4138
VID_ (4),5,10,C,2,0.9967,0.8534,0.5000,0.5000,0.5000,0.5000
VID_ (4),5,16,C,3,0.9698,0.6164,0.9692,0.5000,0.5000,0.6622
VID_ (4),5,17,C,5,0.9868,0.7268,0.9852,0.5000,0.5000,0.8172
VID_ (4),5,18,C,3,0.9786,0.6659,0.9781,0.5000,0.5000,0.6924
VID_ (4),5,19,N,5,0.9862,0.7220,0.9831,0.5881,0.2967,0.4871
VID_ (4),5,20,N,4,0.9943,0.8110,0.9938,0.5000,0.5000,0.0000
VID_ (4),5,21,C,4,0.9974,0.8689,0.9969,0.5000,0.5000,0.0000
VID_ (4),6,8,N,2,0.9870,0.7288,0.5000,0.5000,0.5000,0.5000
VID_ (4),6,11,N,2,0.9938,0.8029,0.5000,0.5000,0.5000,0.5000
VID_ (4),8,9,N,10,0.9991,0.9185,0.9924,0.4039,0.6706,0.3633
VID_ (4),8,15,N,4,0.9684,0.6102,0.9679,0.5000,0.5000,0.5000
VID_ (4),8,16,N,1,0.9642,0.5904,0.5000,0.5000,0.5000,0.5000
VID_ (4),8,17,N,2,0.9934,0.7980,0.5000,0.5000,0.5000,0.5000
VID_ (4),9,11,N,1,0.9848,0.7100,0.5000,0.5000,0.5000,0.5000
VID_ (4),9,12,N,3,0.9990,0.9164,0.9971,0.0152,0.5000,0.4177
VID_ (4),9,13,N,5,0.9748,0.6439,0.9724,0.5000,0.5000,0.6158
VID_ (4),9,15,C,4,0.9817,0.6865,0.9815,0.5000,0.5000,0.0000
VID_ (4),9,17,C,3,0.9937,0.8023,0.9936,0.5000,0.5000,0.6622
VID_ (4),3,10,C,1,0.9972,0.8638,0.5000,0.5000,0.5000,0.5000
VID_ (4),8,10,N,1,0.9948,0.8178,0.5000,0.5000,0.5000,0.5000
VID_ (4),9,10,C,1,0.9865,0.7239,0.5000,0.5000,0.5000,0.5000
VID_ (4),10,15,C,1,0.9979,0.8793,0.5000,0.5000,0.5000,0.5000
VID_ (4),15,17,C,4,0.9914,0.7723,0.9913,0.5000,0.5000,0.0000
VID_ (4),15,18,C,5,0.9901,0.7583,0.9900,0.5000,0.5000,0.7323
VID_ (4),15,19,N,7,0.9945,0.8137,0.9942,0.2592,0.7070,0.4220
VID_ (4),15,20,N,1,0.9536,0.5493,0.5000,0.5000,0.5000,0.5000
VID_ (4),15,21,C,2,0.9757,0.6482,0.5000,0.5000,0.5000,0.5000
VID_ (4),3,16,C,1,0.9430,0.5144,0.5000,0.5000,0.5000,0.5000
VID_ (4),17,18,C,2,0.9979,0.8796,0.5000,0.5000,0.5000,0.5000
VID_ (4),9,18,C,1,0.9958,0.8356,0.5000,0.5000,0.5000,0.5000
VID_ (4),18,19,N,2,0.9968,0.8543,0.5000,0.5000,0.5000,0.5000
VID_ (4),19,20,N,4,0.9826,0.6929,0.9824,0.5000,0.5000,0.0000
VID_ (4),19,21,N,4,0.9943,0.8111,0.9941,0.5000,0.5000,0.0000
VID_ (4),20,21,N,2,0.9945,0.8134,0.5000,0.5000,0.5000,0.5000
VID_ (4),8,21,N,1,0.9846,0.7080,0.5000,0.5000,0.5000,0.5000
VID_ (5),1,2,C,2,0.9867,0.7262,0.5000,0.5000,0.5000,0.5000
VID_ (5),1,3,C,2,0.9430,0.5149,0.5000,0.5000,0.5000,0.5000
VID_ (5),1,4,C,2,0.8049,0.2926,0.5000,0.5000,0.5000,0.5000
VID_ (5),1,5,C,2,0.9223,0.4605,0.5000,0.5000,0.5000,0.5000
VID_ (5),1,6,C,2,0.8777,0.3780,0.5000,0.5000,0.5000,0.5000
VID_ (5),1,7,C,1,0.9966,0.8500,0.5000,0.5000,0.5000,0.5000
VID_ (5),1,9,C,4,0.9980,0.8838,0.9972,0.3333,0.9330,0.3333
VID_ (5),2,3,C,2,0.9696,0.6152,0.5000,0.5000,0.5000,0.5000
VID_ (5),2,4,C,2,0.8721,0.3692,0.5000,0.5000,0.5000,0.5000
VID_ (5),2,5,C,2,0.9648,0.5931,0.5000,0.5000,0.5000,0.5000
VID_ (5),2,6,C,2,0.9343,0.4896,0.5000,0.5000,0.5000,0.5000
VID_ (5),2,9,C,4,0.9870,0.7287,0.9869,0.3333,0.9330,0.3333
VID_ (5),3,4,C,2,0.9196,0.4547,0.5000,0.5000,0.5000,0.5000
VID_ (5),3,5,C,2,0.9805,0.6786,0.5000,0.5000,0.5000,0.5000
VID_ (5),3,6,C,2,0.9597,0.5724,0.5000,0.5000,0.5000,0.5000
VID_ (5),4,5,C,2,0.9526,0.5454,0.5000,0.5000,0.5000,0.5000
VID_ (5),4,6,C,2,0.9719,0.6271,0.5000,0.5000,0.5000,0.5000
VID_ (5),4,9,C,4,0.7905,0.2799,0.7899,0.3333,0.9330,0.3333
VID_ (5),5,6,C,2,0.9930,0.7927,0.5000,0.5000,0.5000,0.5000
VID_ (5),5,9,C,4,0.9105,0.4353,0.9091,0.3333,0.9330,0.3333
VID_ (5),6,9,C,4,0.8888,0.3957,0.8879,0.3333,0.9330,0.3333
VID_ (5),3,9,C,2,0.9411,0.5088,0.5000,0.5000,0.5000,0.5000
VID_ (6),1,2,N,7,0.6513,0.1954,0.6497,0.6049,0.3287,0.3442
VID_ (6),1,3,N,7,0.9924,0.7861,0.9850,0.1532,0.8094,0.4672
VID_ (6),1,4,N,7,0.9746,0.6446,0.9628,0.6821,0.3649,0.2835
VID_ (6),1,5,N,7,0.9827,0.6964,0.9728,0.3263,0.7412,0.3722
VID_ (6),1,6,N,9,0.9659,0.6001,0.9608,0.7283,0.1179,0.5062
VID_ (6),1,8,N,3,0.8244,0.3126,0.8217,0.5000,0.5000,0.6684
VID_ (6),2,3,N,7,0.6306,0.1860,0.6285,0.5520,0.2940,0.4837
VID_ (6),2,4,N,7,0.5234,0.1480,0.5222,0.8100,0.3840,0.3053
VID_ (6),2,5,N,7,0.7481,0.2505,0.7458,0.7616,0.1394,0.4275
VID_ (6),2,6,N,9,0.5154,0.1444,0.5153,0.6979,0.5407,0.3390
VID_ (6),2,8,N,3,0.9541,0.5505,0.9536,0.5000,0.5000,0.7370
VID_ (6),3,4,N,7,0.9866,0.7260,0.9819,0.3258,0.6019,0.2583
VID_ (6),3,5,C,7,0.9792,0.6719,0.9630,0.5635,0.4720,0.5002
VID_ (6),3,6,N,9,0.9884,0.7422,0.9852,0.5177,0.5121,0.4787
VID_ (6),3,8,C,3,0.7255,0.2325,0.7254,0.5000,0.5000,0.7230
VID_ (6),4,5,N,7,0.9444,0.5224,0.9353,0.2216,0.7694,0.2441
VID_ (6),4,8,N,3,0.6704,0.2023,0.6704,0.5000,0.5000,0.7006
VID_ (6),5,6,N,9,0.9346,0.4937,0.9277,0.7539,0.1923,0.4057
VID_ (6),6,8,N,4,0.6879,0.2111,0.6879,0.5000,0.5000,0.0000
VID_ (7),1,2,C,1,0.9915,0.7735,0.5000,0.5000,0.5000,0.5000
VID_ (7),1,3,C,1,0.9806,0.6788,0.5000,0.5000,0.5000,0.5000
VID_ (7),1,4,C,1,0.9904,0.7609,0.5000,0.5000,0.5000,0.5000
VID_ (7),1,5,C,1,0.9784,0.6642,0.5000,0.5000,0.5000,0.5000
VID_ (7),1,6,C,1,0.9893,0.7501,0.5000,0.5000,0.5000,0.5000
VID_ (7),1,8,C,3,0.9446,0.5219,0.9377,1.0000,0.5000,0.6667
VID_ (7),2,3,C,14,0.9820,0.6901,0.9731,0.6075,0.5438,0.2075
VID_ (7),2,4,C,14,0.9886,0.7435,0.9832,0.4625,0.5836,0.3523
VID_ (7),2,5,C,14,0.9807,0.6809,0.9761,0.4003,0.5918,0.3755
VID_ (7),2,6,C,10,0.9787,0.6675,0.9767,0.6004,0.5586,0.3911
VID_ (7),2,8,C,26,0.9665,0.6025,0.9623,0.5691,0.3155,0.3534
VID_ (7),2,9,C,7,0.9458,0.5243,0.9426,0.1758,0.7448,0.4008
VID_ (7),2,10,C,4,0.9843,0.7055,0.9828,0.5469,0.0099,0.4228
VID_ (7),2,11,C,5,0.9623,0.5832,0.9611,0.5000,0.5000,0.8192
VID_ (7),2,12,C,5,0.9926,0.7878,0.9917,0.5000,0.5000,0.8458
VID_ (7),3,4,C,14,0.9926,0.7880,0.9888,0.5044,0.7759,0.2800
VID_ (7),3,5,C,14,0.9946,0.8163,0.9904,0.5103,0.3907,0.2859
VID_ (7),3,8,C,26,0.9946,0.8152,0.9923,0.5110,0.4865,0.2123
VID_ (7),3,9,C,7,0.9956,0.8313,0.9954,0.4660,0.6077,0.4843
VID_ (7),3,6,C,10,0.9950,0.8219,0.9886,0.6817,0.4351,0.3399
VID_ (7),3,10,C,4,0.9776,0.6595,0.9773,0.9824,0.0556,0.5000
VID_ (7),3,11,C,5,0.9971,0.8606,0.9970,0.5000,0.5000,0.6486
VID_ (7),3,12,C,5,0.9913,0.7724,0.9876,0.5000,0.5000,0.7116
VID_ (7),4,5,C,14,0.9970,0.8585,0.9957,0.8259,0.1470,0.5741
VID_ (7),4,8,C,26,0.9850,0.7116,0.9840,0.6108,0.5618,0.4794
VID_ (7),4,9,C,7,0.9838,0.7023,0.9834,0.8423,0.2060,0.5697
VID_ (7),4,6,C,9,0.9892,0.7493,0.9873,0.3825,0.4168,0.4935
VID_ (7),4,11,C,5,0.9906,0.7634,0.9904,0.5000,0.5000,0.7515
VID_ (7),4,12,C,1,0.9973,0.8651,0.5000,0.5000,0.5000,0.5000
VID_ (7),5,8,C,26,0.9929,0.7917,0.9920,0.4909,0.4262,0.4594
VID_ (7),5,6,C,9,0.9946,0.8157,0.9927,0.6491,0.4219,0.3613
VID_ (7),5,9,C,7,0.9947,0.8167,0.9939,0.1832,0.9053,0.3993
VID_ (7),5,10,C,4,0.9931,0.7933,0.9929,0.3180,0.1840,0.4183
VID_ (7),5,11,C,5,0.9929,0.7917,0.9928,0.5000,0.5000,0.7139
VID_ (7),5,12,C,5,0.9909,0.7670,0.9908,0.5000,0.5000,0.6236
VID_ (7),6,8,C,15,0.9977,0.8752,0.9960,0.5630,0.4989,0.4888
VID_ (7),6,9,C,5,0.9943,0.8103,0.9941,0.3110,0.6798,0.6890
VID_ (7),6,10,C,4,0.9820,0.6883,0.9817,0.8299,0.0362,0.4800
VID_ (7),6,11,C,4,0.9973,0.8650,0.9969,0.5000,0.5000,0.0000
VID_ (7),6,12,C,5,0.9758,0.6490,0.9758,0.5000,0.5000,0.6190
VID_ (7),8,9,C,2,0.9992,0.9230,0.5000,0.5000,0.5000,0.5000
VID_ (7),8,10,C,7,0.9730,0.6334,0.9726,0.4450,0.7533,0.5129
VID_ (7),8,12,C,5,0.9768,0.6550,0.9764,0.5000,0.5000,0.6066
VID_ (7),1,9,C,1,0.8808,0.3826,0.5000,0.5000,0.5000,0.5000
VID_ (7),9,10,C,2,0.9698,0.6168,0.5000,0.5000,0.5000,0.5000
VID_ (7),10,11,C,3,0.9781,0.6625,0.9780,0.5000,0.5000,0.6623
VID_ (8),1,2,N,14,0.8762,0.3861,0.8414,0.8155,0.4117,0.3234
VID_ (8),1,3,N,14,0.9843,0.7067,0.9769,0.6847,0.2817,0.2644
VID_ (8),1,4,N,14,0.9945,0.8143,0.9843,0.4001,0.5774,0.2662
VID_ (8),1,5,N,14,0.9769,0.6590,0.9475,0.7026,0.3419,0.4288
VID_ (8),1,6,N,14,0.9826,0.6948,0.9739,0.4367,0.4112,0.3125
VID_ (8),2,3,N,14,0.8337,0.3343,0.8169,0.6426,0.2885,0.2595
VID_ (8),2,4,N,14,0.8984,0.4259,0.8701,0.2611,0.7531,0.2393
VID_ (8),2,5,N,14,0.9406,0.5271,0.9181,0.6784,0.5509,0.4079
VID_ (8),2,6,N,14,0.9386,0.5143,0.8960,0.3526,0.4636,0.2838
VID_ (8),3,4,N,14,0.9860,0.7215,0.9777,0.4327,0.5049,0.1581
VID_ (8),3,5,N,14,0.9414,0.5172,0.9179,0.5705,0.5279,0.2025
VID_ (8),3,6,N,14,0.9520,0.5464,0.9420,0.5319,0.5252,0.1942
VID_ (8),4,5,N,14,0.9754,0.6533,0.9512,0.5670,0.3099,0.2931
VID_ (8),4,6,N,14,0.9826,0.6965,0.9716,0.6023,0.4248,0.2724
VID_ (8),5,6,N,14,0.9954,0.8272,0.9691,0.4573,0.4173,0.3243
Vid-20260421-Wa0016,1,2,C,13,0.9943,0.8118,0.9875,0.4260,0.5552,0.2876
Vid-20260421-Wa0016,1,3,C,14,0.8209,0.3151,0.8062,0.2738,0.5298,0.2542
Vid-20260421-Wa0016,1,5,C,14,0.9219,0.4732,0.8693,0.6238,0.3575,0.2793
Vid-20260421-Wa0016,1,6,C,14,0.9076,0.4330,0.8964,0.4518,0.4318,0.2315
Vid-20260421-Wa0016,1,13,C,3,0.9905,0.7624,0.9897,0.5000,0.5000,0.7325
Vid-20260421-Wa0016,1,4,C,2,0.9843,0.7061,0.5000,0.5000,0.5000,0.5000
Vid-20260421-Wa0016,2,3,C,14,0.8427,0.3380,0.8333,0.5434,0.6296,0.2697
Vid-20260421-Wa0016,2,5,C,13,0.9356,0.5053,0.8938,0.4081,0.5963,0.2578
Vid-20260421-Wa0016,2,6,C,14,0.9254,0.4707,0.9174,0.2958,0.6479,0.2056
Vid-20260421-Wa0016,2,13,C,3,0.9958,0.8343,0.9957,0.5000,0.5000,0.7212
Vid-20260421-Wa0016,2,4,C,1,0.9654,0.5957,0.5000,0.5000,0.5000,0.5000
Vid-20260421-Wa0016,3,5,C,14,0.9758,0.6603,0.9320,0.3496,0.6622,0.2240
Vid-20260421-Wa0016,3,6,C,14,0.9778,0.6665,0.9627,0.5228,0.3427,0.2266
Vid-20260421-Wa0016,3,13,C,3,0.9647,0.5939,0.9611,0.5000,0.5000,0.6821
Vid-20260421-Wa0016,3,4,C,2,0.9430,0.5183,0.5000,0.5000,0.5000,0.5000
Vid-20260421-Wa0016,5,6,C,14,0.9940,0.7937,0.9423,0.2671,0.7318,0.1960
Vid-20260421-Wa0016,5,13,C,3,0.9789,0.6676,0.9788,0.5000,0.5000,0.8392
Vid-20260421-Wa0018,1,2,C,10,0.9823,0.6930,0.9660,0.9416,0.1169,0.4101
Vid-20260421-Wa0018,1,3,C,10,0.9540,0.5552,0.9429,0.6582,0.6344,0.3748
Vid-20260421-Wa0018,1,4,C,10,0.9830,0.6996,0.9698,0.2573,0.7160,0.3043
Vid-20260421-Wa0018,1,5,C,10,0.9932,0.8008,0.9282,0.8079,0.2649,0.3578
Vid-20260421-Wa0018,1,6,C,10,0.9968,0.8588,0.9924,0.8526,0.3624,0.3798
Vid-20260421-Wa0018,2,3,C,10,0.9893,0.7506,0.9884,0.6256,0.4132,0.4624
Vid-20260421-Wa0018,2,4,C,10,0.9979,0.8812,0.9946,0.2911,0.5099,0.4145
Vid-20260421-Wa0018,2,5,C,10,0.9739,0.6416,0.9544,0.5437,0.6726,0.3655
Vid-20260421-Wa0018,2,6,C,10,0.9732,0.6379,0.9506,0.6623,0.6440,0.4150
Vid-20260421-Wa0018,3,4,C,10,0.9896,0.7535,0.9873,0.3848,0.5012,0.4435
Vid-20260421-Wa0018,3,5,C,10,0.9412,0.5156,0.9170,0.7642,0.3196,0.4401
Vid-20260421-Wa0018,3,6,C,10,0.9349,0.4990,0.9196,0.9881,0.0211,0.5279
Vid-20260421-Wa0018,4,5,C,10,0.9740,0.6440,0.9411,0.3791,0.7030,0.3637
Vid-20260421-Wa0018,4,6,C,10,0.9719,0.6329,0.9594,0.6569,0.3972,0.4325
Vid-20260421-Wa0018,5,6,C,10,0.9932,0.8028,0.9151,0.7798,0.5718,0.4359
Vid-20260421-Wa0019,1,3,C,14,0.9919,0.7789,0.9903,0.5715,0.6293,0.4212
Vid-20260421-Wa0019,1,6,C,14,0.9960,0.8393,0.9956,0.4688,0.4293,0.4888
Vid-20260421-Wa0019,1,7,C,14,0.9871,0.7301,0.9855,0.6137,0.4229,0.4044
Vid-20260421-Wa0019,1,8,C,14,0.9854,0.7146,0.9846,0.5035,0.6542,0.4617
Vid-20260421-Wa0019,1,4,C,1,0.9959,0.8364,0.5000,0.5000,0.5000,0.5000
Vid-20260421-Wa0019,1,5,C,11,0.9976,0.8719,0.9971,0.4365,0.5274,0.5789
Vid-20260421-Wa0019,1,9,C,17,0.9822,0.6908,0.9792,0.5643,0.5827,0.3838
Vid-20260421-Wa0019,2,7,C,1,0.9963,0.8443,0.5000,0.5000,0.5000,0.5000
Vid-20260421-Wa0019,2,8,C,1,0.9958,0.8346,0.5000,0.5000,0.5000,0.5000
Vid-20260421-Wa0019,2,9,C,1,0.9960,0.8379,0.5000,0.5000,0.5000,0.5000
Vid-20260421-Wa0019,3,5,C,14,0.9946,0.8158,0.9933,0.5020,0.4766,0.4583
Vid-20260421-Wa0019,3,6,C,14,0.9951,0.8237,0.9938,0.4419,0.4835,0.3973
Vid-20260421-Wa0019,3,7,C,14,0.9939,0.8052,0.9909,0.4726,0.4417,0.3381
Vid-20260421-Wa0019,3,8,C,14,0.9929,0.7916,0.9918,0.4715,0.6857,0.3807
Vid-20260421-Wa0019,3,9,C,17,0.9920,0.7803,0.9880,0.6256,0.6557,0.3679
Vid-20260421-Wa0019,5,6,C,14,0.9979,0.8793,0.9971,0.7695,0.2110,0.5562
Vid-20260421-Wa0019,5,7,C,14,0.9928,0.7909,0.9906,0.4334,0.5542,0.3933
Vid-20260421-Wa0019,5,8,C,14,0.9919,0.7787,0.9912,0.6931,0.4279,0.5093
Vid-20260421-Wa0019,5,9,C,17,0.9896,0.7534,0.9866,0.6689,0.3021,0.5238
Vid-20260421-Wa0019,6,7,C,14,0.9948,0.8193,0.9910,0.5986,0.4794,0.1891
Vid-20260421-Wa0019,6,8,C,14,0.9935,0.7993,0.9922,0.6793,0.3065,0.2222
Vid-20260421-Wa0019,6,9,C,17,0.9898,0.7559,0.9869,0.6027,0.3840,0.5214
Vid-20260421-Wa0019,7,8,C,14,0.9988,0.9097,0.9954,0.2742,0.6713,0.3529
Vid-20260421-Wa0019,8,9,C,17,0.9987,0.9036,0.9955,0.6726,0.3084,0.3694
Vid-20260421-Wa0019,7,9,C,1,0.9915,0.7737,0.5000,0.5000,0.5000,0.5000
Vid-20260421-Wa0021,1,3,C,9,0.9976,0.8735,0.9969,0.8609,0.1398,0.3498
Vid-20260421-Wa0021,1,4,C,9,0.9908,0.7667,0.9888,0.5590,0.5668,0.3281
Vid-20260421-Wa0021,1,5,C,9,0.9973,0.8651,0.9954,0.7047,0.5927,0.3537
Vid-20260421-Wa0021,1,6,C,3,0.9871,0.7296,0.9861,0.9514,0.5000,0.6208
Vid-20260421-Wa0021,1,9,C,7,0.9966,0.8513,0.9953,0.3362,0.7327,0.4593
Vid-20260421-Wa0021,1,12,N,5,0.9850,0.7120,0.9833,0.5000,0.5000,0.6863
Vid-20260421-Wa0021,1,13,C,9,0.9908,0.7654,0.9905,0.6022,0.6682,0.4151
Vid-20260421-Wa0021,1,14,C,6,0.9937,0.8026,0.9936,0.4312,0.9219,0.2855
Vid-20260421-Wa0021,1,15,C,3,0.9883,0.7403,0.9882,0.5000,0.5000,0.9096
Vid-20260421-Wa0021,1,16,C,4,0.9942,0.8087,0.9941,0.5000,0.5000,0.0000
Vid-20260421-Wa0021,3,4,C,14,0.9918,0.7782,0.9901,0.3431,0.5815,0.4002
Vid-20260421-Wa0021,3,5,C,14,0.9976,0.8731,0.9958,0.6347,0.3843,0.4342
Vid-20260421-Wa0021,3,6,C,8,0.9887,0.7439,0.9880,0.5136,0.6306,0.5741
Vid-20260421-Wa0021,3,9,C,17,0.9988,0.9089,0.9985,0.5167,0.6612,0.4568
Vid-20260421-Wa0021,3,10,C,4,0.9920,0.7799,0.9919,0.9340,0.0587,0.5000
Vid-20260421-Wa0021,3,12,C,5,0.9846,0.7083,0.9846,0.5000,0.5000,0.6059
Vid-20260421-Wa0021,3,13,C,9,0.9911,0.7695,0.9909,0.3780,0.7343,0.3850
Vid-20260421-Wa0021,3,15,C,3,0.9889,0.7460,0.9889,0.5000,0.5000,0.7938
Vid-20260421-Wa0021,3,16,C,4,0.9936,0.8004,0.9936,0.5000,0.5000,0.0000
Vid-20260421-Wa0021,4,5,C,14,0.9940,0.8066,0.9904,0.5135,0.6183,0.3965
Vid-20260421-Wa0021,4,7,C,3,0.9947,0.8163,0.9942,0.9073,0.5000,0.6294
Vid-20260421-Wa0021,4,9,C,18,0.9932,0.7957,0.9924,0.5729,0.5291,0.4550
Vid-20260421-Wa0021,4,13,C,9,0.9949,0.8202,0.9937,0.4371,0.4380,0.3575
Vid-20260421-Wa0021,4,14,C,6,0.9916,0.7753,0.9911,0.5814,0.5020,0.2790
Vid-20260421-Wa0021,5,6,C,8,0.9885,0.7431,0.9868,0.3458,0.7149,0.3709
Vid-20260421-Wa0021,5,7,C,3,0.9963,0.8446,0.9944,0.8410,0.5000,0.5760
Vid-20260421-Wa0021,5,10,C,4,0.9862,0.7217,0.9848,0.3956,0.4800,0.3851
Vid-20260421-Wa0021,5,12,N,5,0.9885,0.7421,0.9876,0.5000,0.5000,0.6090
Vid-20260421-Wa0021,5,14,C,6,0.9965,0.8482,0.9962,0.2788,0.8999,0.2309
Vid-20260421-Wa0021,5,15,C,3,0.9877,0.7349,0.9875,0.5000,0.5000,0.8182
Vid-20260421-Wa0021,5,16,C,4,0.9949,0.8197,0.9946,0.5000,0.5000,0.0000
Vid-20260421-Wa0021,6,7,C,3,0.9924,0.7850,0.9921,0.4990,0.5000,0.5892
Vid-20260421-Wa0021,6,9,C,15,0.9911,0.7691,0.9905,0.5921,0.4333,0.5146
Vid-20260421-Wa0021,7,9,C,5,0.9975,0.8693,0.9974,0.7416,0.4702,0.4786
Vid-20260421-Wa0021,7,10,C,2,0.9938,0.8041,0.5000,0.5000,0.5000,0.5000
Vid-20260421-Wa0021,9,10,C,7,0.9942,0.8092,0.9941,0.7125,0.6057,0.4283
Vid-20260421-Wa0021,9,12,N,4,0.9877,0.7352,0.9876,0.5000,0.5000,0.0000
Vid-20260421-Wa0021,13,14,C,6,0.9963,0.8438,0.9960,0.4577,0.7593,0.2643
Vid-20260421-Wa0021,13,15,C,6,0.9983,0.8921,0.9980,0.4577,0.7593,0.2643
Vid-20260421-Wa0021,13,16,C,3,0.9940,0.8067,0.9938,0.5000,0.5000,0.7752
Vid-20260421-Wa0021,14,15,C,4,0.9954,0.8277,0.9952,0.3333,0.9330,0.3333
Vid-20260421-Wa0021,14,16,C,3,0.9940,0.8069,0.9940,0.5000,0.5000,0.6626
Vid-20260421-Wa0070,1,2,C,7,0.9609,0.5826,0.9440,0.4278,0.5939,0.2450
Vid-20260421-Wa0070,1,3,C,7,0.9533,0.5635,0.9089,0.3079,0.6404,0.2712
Vid-20260421-Wa0070,1,4,C,7,0.9914,0.7743,0.9771,0.6947,0.2521,0.4038
Vid-20260421-Wa0070,1,5,C,7,0.9912,0.7712,0.9733,0.7032,0.2858,0.4350
Vid-20260421-Wa0070,1,6,C,7,0.8759,0.3934,0.8529,0.4324,0.4799,0.2980
Vid-20260421-Wa0070,1,7,C,2,0.9752,0.6484,0.5000,0.5000,0.5000,0.5000
Vid-20260421-Wa0070,1,10,C,7,0.9156,0.4553,0.8844,0.4388,0.6606,0.4468
Vid-20260421-Wa0070,1,11,C,3,0.7173,0.2276,0.7171,0.5000,0.5000,0.6627
Vid-20260421-Wa0070,1,12,C,3,0.9653,0.5958,0.9649,0.5000,0.5000,0.6626
Vid-20260421-Wa0070,2,3,C,6,0.9807,0.6834,0.9638,0.5207,0.2528,0.2721
Vid-20260421-Wa0070,2,4,C,7,0.9390,0.5050,0.9375,0.7081,0.2151,0.4246
Vid-20260421-Wa0070,2,5,C,7,0.9526,0.5472,0.9497,0.5413,0.3733,0.4100
Vid-20260421-Wa0070,2,6,C,7,0.9545,0.5602,0.9387,0.6488,0.6652,0.3427
Vid-20260421-Wa0070,2,7,C,2,0.9674,0.6051,0.5000,0.5000,0.5000,0.5000
Vid-20260421-Wa0070,2,10,C,7,0.9539,0.5523,0.9418,0.7315,0.3590,0.3457
Vid-20260421-Wa0070,2,11,C,3,0.8414,0.3297,0.8411,0.5000,0.5000,0.6627
Vid-20260421-Wa0070,2,12,C,3,0.9944,0.8126,0.9940,0.5000,0.5000,0.6626
Vid-20260421-Wa0070,3,4,C,6,0.9254,0.4787,0.9021,0.6046,0.4713,0.3659
Vid-20260421-Wa0070,3,6,C,6,0.9679,0.6259,0.9398,0.7723,0.2715,0.3480
Vid-20260421-Wa0070,3,7,C,2,0.9687,0.6120,0.5000,0.5000,0.5000,0.5000
Vid-20260421-Wa0070,3,5,C,4,0.8661,0.3663,0.8532,0.3084,0.8726,0.4138
Vid-20260421-Wa0070,3,10,C,6,0.9927,0.7903,0.9827,0.7374,0.2050,0.3333
Vid-20260421-Wa0070,3,11,C,1,0.7210,0.2297,0.5000,0.5000,0.5000,0.5000
Vid-20260421-Wa0070,3,12,C,2,0.9747,0.6425,0.5000,0.5000,0.5000,0.5000
Vid-20260421-Wa0070,4,5,C,7,0.9951,0.8235,0.9929,0.7305,0.5047,0.4948
Vid-20260421-Wa0070,4,6,C,7,0.8165,0.3146,0.8016,0.5433,0.4154,0.3893
Vid-20260421-Wa0070,4,7,C,2,0.9914,0.7730,0.5000,0.5000,0.5000,0.5000
Vid-20260421-Wa0070,4,10,C,7,0.8086,0.2982,0.8034,0.6168,0.6396,0.4518
Vid-20260421-Wa0070,4,11,C,3,0.7032,0.2194,0.7031,0.5000,0.5000,0.6627
Vid-20260421-Wa0070,4,12,C,3,0.9569,0.5614,0.9567,0.5000,0.5000,0.6626
Vid-20260421-Wa0070,5,6,C,7,0.8308,0.3288,0.8141,0.4649,0.4746,0.3609
Vid-20260421-Wa0070,5,7,C,2,0.9933,0.7968,0.5000,0.5000,0.5000,0.5000
Vid-20260421-Wa0070,5,10,C,7,0.8145,0.3035,0.8101,0.4873,0.7434,0.4359
Vid-20260421-Wa0070,5,11,C,3,0.7286,0.2344,0.7285,0.5000,0.5000,0.6627
Vid-20260421-Wa0070,5,12,C,3,0.9704,0.6194,0.9701,0.5000,0.5000,0.6626
Vid-20260421-Wa0070,6,11,C,3,0.8420,0.3305,0.8416,0.5000,0.5000,0.6627
Vid-20260421-Wa0070,11,12,C,1,0.8561,0.3474,0.5000,0.5000,0.5000,0.5000
VID_ (2),1,2,C,14,0.9462,0.5293,0.9373,0.6175,0.4628,0.2695
VID_ (2),1,3,N,14,0.9171,0.4549,0.8972,0.6719,0.3845,0.1690
VID_ (2),1,4,C,3,0.9217,0.4594,0.9168,0.7470,0.5000,0.5306
VID_ (2),1,5,N,14,0.9812,0.6858,0.9562,0.6916,0.3052,0.3374
VID_ (2),1,6,N,10,0.9663,0.6034,0.9543,0.6605,0.3402,0.4498
VID_ (2),1,7,C,14,0.8725,0.3714,0.8693,0.5813,0.5463,0.4031
VID_ (2),1,8,N,12,0.9575,0.5676,0.9503,0.6870,0.4439,0.3771
VID_ (2),1,14,N,4,0.7186,0.2287,0.7178,0.5000,0.5000,0.0000
VID_ (2),2,3,N,14,0.9907,0.7707,0.9580,0.4547,0.4395,0.1238
VID_ (2),2,4,C,5,0.7967,0.2899,0.7893,0.3529,0.6671,0.3482
VID_ (2),2,5,N,14,0.9831,0.7028,0.9602,0.6635,0.3828,0.2694
VID_ (2),2,6,N,11,0.8318,0.3233,0.8223,0.3139,0.4656,0.3195
VID_ (2),2,7,C,14,0.9705,0.6232,0.9596,0.5557,0.4095,0.3135
VID_ (2),2,8,N,14,0.8567,0.3574,0.8449,0.5736,0.5418,0.2604
VID_ (2),2,14,N,4,0.5322,0.1489,0.5322,0.5000,0.5000,0.0000
VID_ (2),3,4,N,7,0.8835,0.4090,0.8513,0.4304,0.8265,0.3556
VID_ (2),3,5,N,14,0.9731,0.6457,0.9228,0.3031,0.5306,0.1578
VID_ (2),3,6,C,11,0.8690,0.3847,0.8086,0.5126,0.5048,0.2752
VID_ (2),3,7,N,14,0.9803,0.6781,0.9415,0.5557,0.5916,0.2225
VID_ (2),3,8,N,14,0.8324,0.3375,0.7927,0.3905,0.6539,0.1802
VID_ (2),3,14,N,4,0.7638,0.2762,0.7348,0.5000,0.5000,0.0000
VID_ (2),4,5,N,4,0.9489,0.5372,0.9270,0.4652,0.8312,0.7077
VID_ (2),4,6,N,4,0.9855,0.7179,0.9630,0.1793,0.8691,0.5754
VID_ (2),4,7,C,4,0.6794,0.2079,0.6777,0.1548,0.8893,0.4821
VID_ (2),4,8,N,4,0.9773,0.6582,0.9744,0.1431,0.9202,0.6007
VID_ (2),4,14,N,3,0.9384,0.5008,0.9380,0.5000,0.5000,0.7126
VID_ (2),5,6,N,11,0.9458,0.5301,0.9219,0.4791,0.4323,0.3500
VID_ (2),5,7,N,14,0.9301,0.4830,0.9210,0.5348,0.5331,0.3499
VID_ (2),5,8,C,14,0.9191,0.4609,0.8921,0.5138,0.4158,0.2728
VID_ (2),5,14,N,4,0.6897,0.2119,0.6895,0.5000,0.5000,0.0000
VID_ (2),6,7,N,10,0.7866,0.2795,0.7824,0.5710,0.5055,0.5562
VID_ (2),6,8,N,10,0.9960,0.8398,0.9839,0.7829,0.1353,0.3826
VID_ (2),6,11,N,1,0.9794,0.6702,0.5000,0.5000,0.5000,0.5000
VID_ (2),6,14,N,3,0.7644,0.2589,0.7638,0.5000,0.5000,0.6627
VID_ (2),7,8,N,14,0.7328,0.2414,0.7268,0.3456,0.5303,0.3923
VID_ (2),7,14,N,4,0.3913,0.1142,0.3914,0.5000,0.5000,0.0000
VID_ (2),8,14,N,4,0.8069,0.2984,0.7988,0.5000,0.5000,0.0000
VID_ (2),11,14,N,1,0.7063,0.2208,0.5000,0.5000,0.5000,0.5000
VID_ (9),1,2,C,2,0.9673,0.6059,0.5000,0.5000,0.5000,0.5000
VID_ (9),1,3,C,3,0.9821,0.6900,0.9790,0.8182,0.5000,0.5667
VID_ (9),1,5,C,3,0.9417,0.5119,0.9410,0.8182,0.5000,0.5667
VID_ (9),1,6,C,3,0.9898,0.7558,0.9866,0.8182,0.5000,0.5667
VID_ (9),1,7,C,3,0.9946,0.8159,0.9894,0.8182,0.5000,0.5667
VID_ (9),1,8,C,2,0.9966,0.8505,0.5000,0.5000,0.5000,0.5000
VID_ (9),2,3,C,3,0.9958,0.8352,0.9952,0.9429,0.5000,0.6667
VID_ (9),2,5,C,3,0.8434,0.3333,0.8411,0.9429,0.5000,0.6667
VID_ (9),2,6,C,3,0.9291,0.4771,0.9287,0.9429,0.5000,0.6667
VID_ (9),2,7,C,3,0.9461,0.5245,0.9455,0.9429,0.5000,0.6667
VID_ (9),2,8,C,3,0.9890,0.7478,0.9854,0.9429,0.5000,0.6667
VID_ (9),3,5,C,3,0.8667,0.3628,0.8638,0.8881,0.5000,0.6351
VID_ (9),3,6,C,3,0.9476,0.5291,0.9470,0.8881,0.5000,0.6351
VID_ (9),3,7,C,3,0.9621,0.5820,0.9616,0.8881,0.5000,0.6351
VID_ (9),3,8,C,3,0.9952,0.8246,0.9926,0.8881,0.5000,0.6351
VID_ (9),4,5,C,1,0.8793,0.3802,0.5000,0.5000,0.5000,0.5000
VID_ (9),4,6,C,1,0.9384,0.5012,0.5000,0.5000,0.5000,0.5000
VID_ (9),4,7,C,1,0.9491,0.5340,0.5000,0.5000,0.5000,0.5000
VID_ (9),4,8,C,1,0.9845,0.7075,0.5000,0.5000,0.5000,0.5000
VID_ (9),5,6,C,3,0.9820,0.6896,0.9740,0.8344,0.5000,0.5914
VID_ (9),5,7,C,3,0.9745,0.6433,0.9688,0.8344,0.5000,0.5914
VID_ (9),5,8,C,2,0.9173,0.4497,0.5000,0.5000,0.5000,0.5000
VID_ (9),6,8,C,2,0.9824,0.6909,0.5000,0.5000,0.5000,0.5000
VID_ (9),7,8,C,2,0.9618,0.5822,0.5000,0.5000,0.5000,0.5000
VID_ (10),1,2,N,14,0.9872,0.7313,0.9810,0.3621,0.5156,0.2496
VID_ (10),1,3,N,14,0.9953,0.8261,0.9932,0.6335,0.2642,0.3145
VID_ (10),1,4,N,13,0.9950,0.8227,0.9936,0.6453,0.6393,0.4250
VID_ (10),1,5,N,13,0.9897,0.7544,0.9871,0.6569,0.3969,0.4313
VID_ (10),1,7,N,3,0.9909,0.7667,0.9895,0.5000,0.5000,0.7089
VID_ (10),1,6,N,6,0.9656,0.5979,0.9619,0.8565,0.2563,0.4931
VID_ (10),1,8,N,5,0.9750,0.6440,0.9745,0.2016,0.6774,0.3206
VID_ (10),1,9,N,2,0.9716,0.6259,0.5000,0.5000,0.5000,0.5000
VID_ (10),2,3,N,14,0.9904,0.7617,0.9848,0.3937,0.5146,0.2183
VID_ (10),2,4,N,14,0.9943,0.8110,0.9875,0.5263,0.3969,0.3187
VID_ (10),2,5,N,14,0.9651,0.5959,0.9619,0.3479,0.8097,0.2950
VID_ (10),2,7,N,3,0.9944,0.8125,0.9933,0.5000,0.5000,0.6752
VID_ (10),2,6,N,6,0.9939,0.8053,0.9891,0.4187,0.7140,0.3631
VID_ (10),2,8,N,4,0.9969,0.8561,0.9928,0.2328,0.7754,0.2626
VID_ (10),3,4,N,14,0.9966,0.8517,0.9923,0.4033,0.5553,0.3196
VID_ (10),3,5,N,14,0.9821,0.6904,0.9796,0.7892,0.2277,0.3687
VID_ (10),3,6,N,5,0.9654,0.5963,0.9624,0.8500,0.1244,0.6004
VID_ (10),4,5,N,14,0.9851,0.7131,0.9829,0.7669,0.3029,0.4763
VID_ (10),4,7,N,3,0.9960,0.8388,0.9959,0.5000,0.5000,0.8395
VID_ (10),4,6,N,6,0.9763,0.6526,0.9742,0.3078,0.7968,0.3336
VID_ (10),4,8,N,5,0.9798,0.6734,0.9793,0.2874,0.4291,0.3386
VID_ (10),5,7,N,3,0.9637,0.5887,0.9636,0.5000,0.5000,0.8696
VID_ (10),5,6,N,6,0.9418,0.5122,0.9392,0.5672,0.6026,0.4545
VID_ (10),5,8,N,5,0.9435,0.5169,0.9423,0.2013,0.8283,0.2741
VID_ (11),1,2,N,15,0.9864,0.7254,0.9732,0.3566,0.7231,0.3319
VID_ (11),1,3,N,15,0.9882,0.7420,0.9782,0.5908,0.4093,0.3414
VID_ (11),1,4,N,15,0.9918,0.7798,0.9700,0.5785,0.4360,0.3712
VID_ (11),1,5,N,12,0.9904,0.7645,0.9780,0.4878,0.6264,0.2938
VID_ (11),1,6,N,6,0.9642,0.5941,0.9486,0.4714,0.6905,0.4267
VID_ (11),1,7,N,15,0.9961,0.8429,0.9816,0.5379,0.5362,0.3062
VID_ (11),1,9,N,28,0.9929,0.7937,0.9721,0.5106,0.4996,0.3988
VID_ (11),1,8,N,6,0.8912,0.4050,0.8854,0.3438,0.7334,0.3741
VID_ (11),1,10,N,3,0.9814,0.6841,0.9807,0.5000,0.5000,0.7467
VID_ (11),1,11,N,2,0.9951,0.8231,0.5000,0.5000,0.5000,0.5000
VID_ (11),1,12,N,3,0.9884,0.7419,0.9799,0.5000,0.5000,0.6755
VID_ (11),1,13,N,3,0.9851,0.7119,0.9841,0.5000,0.5000,0.7686
VID_ (11),2,3,N,15,0.9948,0.8194,0.9898,0.5507,0.4497,0.3957
VID_ (11),2,4,N,15,0.9709,0.6244,0.9611,0.3969,0.6015,0.3567
VID_ (11),2,5,N,1,0.9836,0.6999,0.5000,0.5000,0.5000,0.5000
VID_ (11),2,7,N,15,0.9843,0.7085,0.9761,0.5086,0.4971,0.3108
VID_ (11),2,8,N,10,0.8374,0.3288,0.8318,0.3841,0.4370,0.2777
VID_ (11),2,9,N,29,0.9676,0.6083,0.9581,0.4760,0.6227,0.4134
VID_ (11),2,11,N,6,0.9776,0.6605,0.9695,0.6153,0.2117,0.4769
VID_ (11),2,13,N,3,0.9781,0.6627,0.9776,0.5000,0.5000,0.8694
VID_ (11),3,4,N,15,0.9723,0.6316,0.9601,0.5771,0.5271,0.4019
VID_ (11),3,5,N,10,0.9959,0.8377,0.9905,0.7109,0.2916,0.3527
VID_ (11),3,6,N,5,0.9927,0.7889,0.9883,0.0091,0.9955,0.5359
VID_ (11),3,7,N,15,0.9849,0.7132,0.9798,0.4938,0.4592,0.3225
VID_ (11),3,8,N,10,0.8472,0.3405,0.8418,0.3175,0.5307,0.3044
VID_ (11),3,9,N,29,0.9720,0.6300,0.9611,0.4046,0.6632,0.4165
VID_ (11),3,10,N,3,0.9953,0.8259,0.9945,0.5000,0.5000,0.6745
VID_ (11),3,11,N,6,0.9736,0.6377,0.9682,0.7991,0.2411,0.4330
VID_ (11),3,12,N,3,0.9979,0.8797,0.9971,0.5000,0.5000,0.6951
VID_ (11),3,13,N,2,0.9901,0.7581,0.5000,0.5000,0.5000,0.5000
VID_ (11),4,5,N,11,0.9798,0.6764,0.9676,0.2551,0.8468,0.3245
VID_ (11),4,6,N,5,0.9759,0.6504,0.9723,0.2736,0.8388,0.5416
VID_ (11),4,7,N,15,0.9933,0.7984,0.9742,0.6246,0.3243,0.3230
VID_ (11),4,8,N,10,0.9462,0.5279,0.9331,0.5626,0.2916,0.3892
VID_ (11),4,9,N,29,0.9930,0.7934,0.9819,0.5454,0.4590,0.4500
VID_ (11),4,10,N,3,0.9444,0.5191,0.9433,0.5000,0.5000,0.6987
VID_ (11),4,11,N,6,0.9840,0.7051,0.9662,0.9000,0.2405,0.5735
VID_ (11),4,12,N,3,0.9827,0.6934,0.9821,0.5000,0.5000,0.7726
VID_ (11),4,13,N,1,0.9930,0.7919,0.5000,0.5000,0.5000,0.5000
VID_ (11),5,7,N,13,0.9890,0.7488,0.9765,0.3676,0.3651,0.2098
VID_ (11),5,8,N,9,0.8651,0.3639,0.8585,0.2983,0.4057,0.2130
VID_ (11),5,9,N,27,0.9849,0.7126,0.9738,0.5660,0.4610,0.3038
VID_ (11),5,11,N,5,0.9936,0.8013,0.9903,0.2615,0.7894,0.3595
VID_ (11),5,13,N,1,0.9925,0.7853,0.5000,0.5000,0.5000,0.5000
VID_ (11),6,7,N,6,0.9838,0.7037,0.9715,0.4122,0.8617,0.4005
VID_ (11),6,8,N,5,0.8287,0.3182,0.8264,0.8658,0.0475,0.5300
VID_ (11),6,9,N,11,0.9866,0.7263,0.9783,0.2952,0.8832,0.1938
VID_ (11),7,8,N,10,0.8978,0.4149,0.8908,0.3278,0.5856,0.3005
VID_ (11),7,9,N,29,0.9922,0.7841,0.9766,0.4363,0.5751,0.3128
VID_ (11),7,10,N,3,0.9940,0.8057,0.9925,0.5000,0.5000,0.7460
VID_ (11),7,11,N,6,0.9888,0.7461,0.9855,0.3128,0.2562,0.4993
VID_ (11),7,12,N,3,0.9808,0.6817,0.9743,0.5000,0.5000,0.6806
VID_ (11),7,13,N,3,0.9696,0.6159,0.9678,0.5000,0.5000,0.7134
VID_ (11),8,9,N,20,0.9323,0.4890,0.9159,0.5471,0.3970,0.3022
VID_ (11),8,10,N,3,0.8480,0.3430,0.8371,0.5000,0.5000,0.6802
VID_ (11),8,11,N,4,0.9348,0.4919,0.9327,0.3469,0.2513,0.3061
VID_ (11),9,10,N,5,0.9709,0.6232,0.9671,0.5000,0.5000,0.4335
VID_ (11),9,11,N,11,0.9911,0.7702,0.9816,0.2474,0.5987,0.4826
VID_ (11),9,12,N,5,0.9402,0.5064,0.9393,0.5000,0.5000,0.5053
VID_ (11),9,13,N,5,0.9897,0.7546,0.9874,0.4549,0.8699,0.2617
VID_ (11),10,11,N,2,0.9916,0.7743,0.5000,0.5000,0.5000,0.5000
VID_ (13),1,2,N,10,0.9858,0.7189,0.9782,0.4155,0.6527,0.2333
VID_ (13),1,3,N,10,0.9296,0.4794,0.9247,0.7839,0.3643,0.4138
VID_ (13),1,4,N,10,0.9092,0.4346,0.9018,0.6243,0.5705,0.3510
VID_ (13),1,9,N,5,0.9549,0.5544,0.9523,0.5000,0.5000,0.6462
VID_ (13),1,11,N,1,0.9328,0.4862,0.5000,0.5000,0.5000,0.5000
VID_ (13),2,3,N,10,0.9758,0.6491,0.9739,0.4442,0.4836,0.3592
VID_ (13),2,4,N,10,0.9617,0.5812,0.9576,0.5211,0.3704,0.2942
VID_ (13),2,9,N,5,0.9828,0.6946,0.9809,0.5000,0.5000,0.5666
VID_ (13),3,4,N,10,0.9954,0.8287,0.9941,0.7325,0.4802,0.4121
VID_ (13),3,9,N,5,0.9964,0.8466,0.9964,0.5000,0.5000,0.8021
VID_ (13),3,11,N,2,0.9848,0.7100,0.5000,0.5000,0.5000,0.5000
VID_ (14),1,2,N,11,0.9913,0.7716,0.9904,0.7238,0.2611,0.2751
